credit_score,country,gender,age,tenure,balance,products_number,credit_card,active_member,estimated_salary,churn
759.8805313509284,Spain,Male,48,1,134898.71049260965,1,0.16554442629345273,0,145629.5172216589,1
564.6422493436972,France,Male,30,4,-9170.573415158837,2,1.1211159237977308,1,127887.96831599006,0
895.0605443321813,Germany,Male,45,9,135435.56155884435,1,-0.21941054642168317,0,114507.82437511011,1
759.2202995324785,France,Male,39,1,137288.3371038529,1,0.46427602006392055,0,142459.12666487414,0
658.0881334077076,Spain,Male,52,2,130387.64523977233,2,1.164409508601701,1,80187.39702399346,0
777.4479623807777,France,Male,36,8,138349.18734960532,1,1.3920100896384202,1,190461.11687707237,0
520.0246900162293,France,Male,31,3,153324.41471393718,1,1.757094086014267,0,49114.7334270589,0
820.1548476308836,Germany,Male,67,1,177229.29462899885,2,1.1457406590627532,1,167133.09393507006,1
454.3355017404136,Germany,Male,44,2,171195.7045297195,1,1.1304379172465198,0,85845.34552562793,1
581.3804354989273,Germany,Male,58,1,214199.2555149201,1,1.2520808089621385,1,143896.56842778253,0
655.8946289492162,France,Male,39,4,44536.11795284867,1,1.4478081393020064,1,222727.4659160316,0
589.0163360775972,France,Male,36,1,4270.20618503882,2,1.0976372838682438,0,82532.75580100769,0
547.1792364761702,France,Male,31,10,41538.983509573154,2,1.0831594518272454,0,42108.57683287417,0
507.9406798020285,France,Male,30,9,1247.8348768695978,2,0.4635689150199759,0,73020.14749804833,0
553.9968870228073,France,Male,30,1,140188.6846236019,1,1.3106638483878967,1,184099.94653900334,0
570.705879030475,France,Male,38,2,91925.95196092025,1,0.7645799760004452,1,89957.41614585661,0
702.6266091985341,Germany,Male,46,5,132716.2772180378,2,0.9492100053963263,0,185333.53833681805,0
834.5128974444578,France,Male,41,4,9683.181589759603,2,1.5636307812685561,1,31021.888086961557,0
811.8962604965745,Spain,Male,25,3,172283.69329149695,1,0.31591180380131595,0,104714.62677531163,0
699.539141323625,France,Male,44,3,25658.422490487144,2,1.0535869867838965,0,115412.4557361726,0
485.21357048916855,France,Male,37,6,17349.163517715417,1,1.1869406479363507,1,8121.2287222584055,0
598.706552079247,Spain,Male,51,3,19661.51477364421,3,1.2283236802095565,0,61387.63650681914,1
574.8362462496773,Spain,Male,49,1,46502.66997504172,2,0.3911317457409481,1,208296.719252294,0
736.4260865011126,Spain,Male,36,0,131210.93085410687,1,0.9192685983499338,0,130878.78798174675,1
646.5240750468931,France,Male,26,6,151782.86833970138,1,1.0358406668195765,0,117541.63844398755,0
711.6094530033063,Spain,Male,30,5,43422.69662255261,2,0.28684901612442304,1,211260.43464642714,0
721.2513945328933,France,Male,58,5,247542.3605962714,1,1.2028441003920198,1,153033.47787006255,0
773.218455150632,Spain,Male,36,2,121004.00550416802,2,0.35420418840391527,1,63890.843779558934,0
677.3534345451261,France,Male,38,8,14802.505663843789,2,0.9482825927968386,0,136836.41555106395,0
709.417355737826,Germany,Male,45,8,126242.8335718644,1,0.30581661935645754,0,212632.31210522674,0
673.0654237648592,Germany,Male,35,1,212742.6825631237,3,1.4713193691675286,1,61917.03105142318,1
580.6755296590958,France,Male,35,2,146562.00067572357,2,1.3350410536861796,0,166091.14346490204,0
682.833248927419,Spain,Male,37,6,196792.9297615368,1,1.2566884831291398,1,143858.88347395996,0
776.6700428213419,France,Male,28,6,4850.946969149227,1,1.2037344173786633,1,222357.2235700047,0
735.3985446357626,Germany,Male,42,1,121973.42134098994,1,1.0372147925492206,0,44914.758788009705,1
666.4027850864186,Spain,Female,37,2,50092.35237839914,2,0.20911668744472117,1,225400.2965450086,0
828.1130586345014,France,Male,49,0,52904.449161031385,1,0.5092041873041436,0,234526.70071524434,1
628.2610413979941,France,Male,35,8,46831.797613781935,2,1.1985189234974922,0,113026.31791442566,0
812.3920492833545,Germany,Male,48,7,96066.6643241736,1,1.0248316700054019,1,108528.67117983144,0
768.5047025365146,France,Male,36,2,185455.6431033534,1,1.1144175062373562,0,185996.35293309094,1
620.1091496574064,France,Male,53,6,33889.29084147669,2,1.2706007062462972,1,113211.0762855002,0
735.5807984142081,France,Male,32,9,36984.88147845335,2,0.1411729298821406,0,150967.8991356677,0
592.6099392173146,France,Female,34,1,156119.34474163296,2,0.33469960268867394,1,234256.9477591713,0
634.1018263358555,Germany,Male,35,3,179429.92814208395,1,0.3431590083262202,1,220599.342392803,0
598.0741073236313,Germany,Male,48,2,182278.30405296863,1,0.425665200620274,0,33139.958105328864,1
684.1902181500558,France,Male,41,7,32398.99467337338,2,0.5461271120242963,1,10927.067651395797,0
616.7001959531708,France,Female,31,5,39122.3223882563,1,0.4497486336208114,0,199257.51538347857,1
676.2023302725806,France,Male,37,5,147693.19563126296,1,0.014818629537209166,1,166863.47934200548,0
544.8656274206558,France,Male,36,2,-13873.809814851844,2,0.021737636193383536,1,162447.40192895124,0
916.0275294865006,France,Male,34,3,20646.68488483488,2,1.208266502302807,1,270802.4622934349,0
750.3640311724754,France,Male,28,3,125191.23281413643,2,0.12367264785067644,1,90581.25615745687,0
631.5435010394191,France,Male,47,6,120346.70060362427,1,-0.03117067139282964,0,167325.1290926126,0
622.7443508451258,France,Male,37,9,200753.8943012177,1,1.1258096826412127,0,214652.1075881071,0
684.9590546861477,Germany,Male,41,8,217732.48446871957,2,1.1184137370066445,0,90802.11817036444,0
663.2722782643109,France,Male,58,8,4071.7705060180488,2,0.07394613098599456,1,119199.25131681569,1
662.5274316270837,Germany,Female,46,5,202094.12522566522,2,1.1541806240857801,0,45724.53086392197,1
489.55728552306385,Spain,Male,25,9,53513.400962069936,2,0.4908941105783269,1,182486.2283352012,0
863.7038344901873,France,Male,40,1,159475.3845714746,1,1.2702373989960414,0,261889.0542101607,1
533.4048773674473,France,Male,44,3,150738.39445948,2,0.7823406381828487,0,104187.1770859471,0
828.6619724036168,Germany,Male,46,5,165976.26143016218,1,1.2637633870953766,0,144070.72697713022,1
791.6225023801785,Spain,Male,27,4,51932.472664705565,1,1.1599772289658314,1,60867.235462483826,0
743.9244142142309,France,Male,30,9,54424.67839742135,1,1.2262722237966868,1,198984.26349859984,0
713.6364254693086,Germany,Male,64,10,118127.30560673229,2,1.2831390536613263,1,78663.66013723877,0
752.0087152492207,Germany,Male,32,3,118946.73071225356,2,1.3234214417353314,1,155525.97643900148,0
840.286710675327,Spain,Male,27,7,180212.1049088018,1,0.6933089491521595,1,123408.60706591193,0
580.1249470132555,France,Male,47,10,24542.37594137591,2,0.034855628144380674,1,48823.65630105496,0
488.5380628271664,France,Female,36,2,-8366.555674066785,2,1.4189191420682956,1,199240.57340655572,0
617.6427317335038,France,Male,24,5,-4045.0134888790817,2,1.2721556262467857,0,104346.79487285667,0
659.0233415662287,France,Male,48,5,120913.84995203417,1,0.8713083114307918,1,130204.92866449576,0
562.2924269570361,Germany,Male,27,8,169035.47161305687,2,1.399010885929108,0,23114.73419116169,0
587.0721371825904,France,Male,38,8,34670.44867730056,1,1.5109883708620866,0,78520.0269912563,0
647.3407441506358,Spain,Male,29,2,218233.77590502216,2,1.032184000032423,0,114181.00453400408,0
653.3921217357961,Germany,Male,45,6,111178.21305952047,2,1.2233277502562803,1,190351.70489467104,0
774.0448890027179,Germany,Male,32,3,131868.54656978365,2,-0.16345199399400656,0,72380.17137302496,0
516.323270704122,France,Male,41,9,49333.57726884763,1,-0.05831968475217286,0,-11485.929292512363,0
830.8274466481721,France,Male,25,7,129624.86918758461,2,1.4615048614916497,0,192475.8910375869,0
617.133765860494,France,Male,43,1,44210.35828711133,1,0.12023819342285409,1,127488.99305470454,0
676.6712138106898,Spain,Male,45,2,168189.35481419912,1,0.9754822379386342,1,185402.60097092195,1
600.9603572591842,France,Male,23,5,124152.5545535144,1,0.27704772499867675,1,155715.08818833833,0
719.6346380798486,France,Male,37,2,18763.0792431016,2,1.1076200202826127,1,87860.98694214888,0
793.900588053009,Germany,Male,44,8,101982.65916087046,1,0.11924553248728662,1,76088.37050057335,1
707.6548766106146,France,Male,24,10,45126.78719665191,3,1.3919413202527156,0,206562.3590726213,1
802.3921064566854,Germany,Male,31,2,85030.2000016415,1,0.9635548567123653,1,51710.02508755632,0
694.5906193255778,France,Male,38,10,30727.271166139657,2,1.0213250896817492,1,71675.0565241062,1
844.2736959074797,Spain,Male,77,8,194021.5453414941,1,1.260061442836489,1,200907.43956936165,0
808.8074884452049,France,Male,42,6,177869.69049964185,2,0.4437886066845701,1,230452.60892925324,0
700.879056489005,France,Male,30,9,50541.27119648077,2,1.50434909301306,1,36748.83584102389,0
636.1381813477724,France,Male,37,5,27359.251244342508,1,1.0754752988150684,0,108628.57815860969,0
790.896251843252,France,Male,73,6,84074.96958581636,1,1.4365703008135269,1,95628.56242094583,0
748.1709461290134,Spain,Male,34,10,135484.86231074663,2,0.048641573365236584,0,207432.4225359903,0
749.076206558181,Germany,Male,38,9,90488.0769498902,2,0.6368606036969965,1,226650.40858350176,0
842.0583198505609,Spain,Male,36,5,-13569.013318488574,2,0.9698559145665496,1,148693.14436381092,0
809.5527373844471,Spain,Male,45,0,47990.900403751846,1,1.5247015486519047,0,252116.4074903952,1
705.8565092611707,France,Male,45,7,139942.78354692107,1,1.0774077354280818,1,114077.38503658783,0
748.2502622216484,Germany,Male,27,3,193385.51600020804,2,1.6790077169579212,0,-6462.748119708165,0
954.7906071160388,France,Male,41,3,2868.530930807534,2,1.3585896710594803,0,202733.25109504402,0
886.5621692183233,Germany,Male,43,0,151089.03401206512,1,0.9963908205882855,0,57437.46015848653,1
526.4440012112211,Germany,Male,38,9,131259.67667425954,1,1.1076592187605514,1,146796.20928954586,0
764.7077368388098,France,Male,36,7,121119.27436356747,2,1.401373004761329,0,132083.34056142738,0
900.0298820307241,Spain,Male,50,7,52730.2934803877,2,0.46254477376513514,1,229898.6650490298,0
704.4503764449214,Spain,Male,37,8,2014.5771804947726,3,1.2094058000014396,0,92650.47431490646,0
734.4928599961202,Spain,Male,34,1,140228.3891957051,1,1.235404254182236,1,63657.638812727586,0
628.3690332977798,Spain,Male,45,4,1516.7355964682247,1,0.39622888343630996,1,244617.55922755608,1
665.6005494433441,Spain,Male,40,10,187937.58926579653,1,0.2550404945331856,1,150514.35290991302,0
793.6700665176746,France,Male,38,6,205088.82248108432,1,0.9338613460779825,1,103685.0993889315,0
685.0130369631727,France,Male,44,10,96504.44821313389,1,1.0421446046468694,1,66616.6379550113,0
577.2625458464971,France,Male,28,8,43532.02991217565,1,1.2783230596469006,1,143716.44713171845,0
795.0423930935598,Germany,Male,38,1,158093.05187913237,2,1.499238837630711,0,152835.39585211407,0
840.883794299283,Germany,Male,40,5,160812.41708880442,1,0.589487876308943,0,214339.69523289273,0
757.5024386585293,France,Male,35,2,150406.88233342336,2,1.401000790139431,1,49864.469358276685,0
817.5096294594173,France,Male,26,3,136795.8918204851,1,1.2900792795496405,1,43666.97430148174,0
685.4326048713237,Spain,Male,37,3,14279.001573272999,2,1.3940793233875108,0,112592.84442756062,0
611.7295549779267,France,Male,40,5,37409.3789837931,2,1.075094668748108,1,177309.33779591625,0
634.8546182991582,Germany,Male,75,2,92330.89948436644,1,0.190811711252777,1,218808.26135640836,0
831.1949336042536,France,Male,25,0,157355.1218642792,1,1.0396305443905214,1,43592.06227329373,0
555.5315741213408,France,Male,27,8,125084.28028105994,1,0.9439481121970459,1,168216.12581741493,0
731.7887332035718,France,Male,34,7,93207.36578125777,1,0.300503156123124,0,225061.87285366846,0
544.8859186277319,France,Male,34,5,35788.773035500446,2,1.2671446547116951,1,122026.631716321,0
708.6938804486964,Spain,Male,56,5,147826.60943884007,1,1.380297157141413,1,55771.629813623185,1
633.7178117324803,France,Male,38,0,197084.7467277151,1,0.3484022565713012,0,189107.58911382995,0
707.1321339114683,Germany,Male,47,0,119415.91670505806,2,1.280018598651258,1,210146.1522921629,0
675.1134039884673,Spain,Female,36,1,41178.45644808877,2,1.350769425666649,0,136660.99627341933,0
806.5342163623206,Spain,Male,56,5,198716.5285842148,1,1.2157226682210156,1,153680.30169006245,1
699.1391955700872,Spain,Male,40,10,-5728.5997508958935,2,1.3183822415365123,1,66816.19288985731,0
677.3407669048144,France,Male,26,0,10932.855940234687,1,0.06171087121407007,0,88763.57190031197,0
640.7044584687138,Spain,Male,29,4,2228.280556716745,2,0.308650788252685,0,198930.37219535536,0
380.9448142831447,Germany,Male,29,4,133564.85214954382,4,1.3759627698609522,0,151223.29733273992,1
667.4444072868868,Germany,Male,58,2,116705.71172001917,2,1.0744342896468397,0,244537.2958750344,1
584.6834416466452,France,Male,58,8,49623.72186761252,1,0.2370208089098623,1,134560.2447174262,1
739.3224968499142,Germany,Male,27,5,119430.55213830306,2,1.0848177553477554,0,194436.98464337832,0
718.0313286678895,France,Male,47,10,184258.02423706374,2,1.1066974148370392,0,197039.8497455565,1
956.9633100403544,Germany,Female,47,4,98746.67451020004,2,0.971848304656938,1,140967.20662800525,0
754.6247360961675,France,Male,92,1,165938.88752016466,2,1.5105717976137862,1,70694.99862210972,0
779.4806753246004,Spain,Male,39,2,55783.64599327303,2,1.4654833899194264,0,190337.72764697936,0
584.5902217640809,France,Male,32,7,198816.80404322545,1,1.3464467533585405,0,163597.6710840632,0
489.9180622213182,France,Male,35,9,227086.28332583932,1,1.6697573590337178,0,194616.2193294351,1
714.078172402069,Spain,Male,35,3,126211.19668908123,1,1.1826961175747677,0,151827.84893303993,0
536.3205724412479,Spain,Male,39,1,317.49816294485936,2,1.9085210366530196,0,178518.33233170008,0
503.18712788659525,Germany,Male,29,9,110938.6280548947,2,1.1740692293047514,0,255015.61383237183,0
824.3524799862523,Spain,Male,43,3,38472.63222902638,1,1.2828464199337157,0,112527.96431561228,0
616.4196653086918,Germany,Male,30,6,112306.37205010362,1,0.13570527664819565,1,52258.69395432929,0
796.9965338419162,France,Male,35,2,185667.74540936796,1,1.309241099073347,0,51900.558869700835,0
826.8530134505265,Spain,Male,35,5,11772.124520071939,2,1.4136391497000464,0,96673.6763030418,0
602.780729680783,Spain,Male,30,5,146430.3627435172,1,1.1996708918480674,0,194014.46600025758,0
599.3713601979066,Spain,Male,37,0,196704.96138041245,1,1.6257085944706118,1,112189.64023417147,0
558.8925980672767,Spain,Male,34,5,111115.79380306051,1,1.2792310351482223,1,191397.6624527646,0
824.343600767089,France,Male,31,4,86830.88277380666,2,1.2862923409661469,1,34305.57581276205,0
683.7358377821527,France,Female,29,7,-1082.0235998465905,2,1.020506542897554,1,141464.13665488985,0
592.484232541139,Germany,Male,49,1,81811.25559093675,3,1.3196458811342187,0,73858.58742959221,1
403.49655654847334,Spain,Male,48,8,111397.76813368818,1,0.19513909949527183,0,135508.0486772095,1
729.3570168885667,Spain,Male,41,9,28715.900275721146,2,0.08827961833465053,1,227142.60612965215,0
663.9107493226716,France,Male,33,9,84001.4094405947,1,0.05036946166927239,0,189275.42106417,1
697.8032483273599,Germany,Male,26,5,181339.0024207518,1,0.8273985241835237,0,180448.39850133142,0
890.5873907508634,France,Male,31,9,60172.37382433659,2,1.165968711270779,0,174810.31497638108,0
501.18533273852984,Germany,Male,25,9,188654.8764555141,2,0.8970224865762282,1,93080.61708566338,0
691.4771816464239,France,Male,29,3,124568.77837436942,2,1.0680030527631859,0,39247.48895244439,0
600.2562117160494,France,Female,37,1,40403.46993302574,1,1.2137205720368542,1,192182.24268566672,1
565.7615940564347,France,Male,61,8,73529.15643707808,1,1.3485273662364898,1,65935.59175005108,1
784.8400785654338,Spain,Male,34,9,207765.36734801403,1,0.3503592727607758,0,217207.1365553556,1
508.2872831311761,Germany,Male,24,8,148175.82463825433,1,0.37780985926616106,0,81651.8223996601,0
712.693722817158,France,Male,37,1,162676.15130149602,2,0.0800275038928937,0,215981.8459489009,0
588.504346649132,France,Male,41,1,43434.73555344867,1,1.3020560776938142,0,193768.28739565678,0
767.6021562298824,Spain,Male,46,8,58619.56790264291,2,1.0279288739156764,1,294404.08455003065,0
900.9551642777501,France,Male,24,9,143857.69822806126,1,1.0857099987031051,0,146666.59785001696,0
701.495198730037,France,Male,26,10,25594.436086670416,2,1.0185435350838283,1,146018.3666246671,0
734.7465135338366,Germany,Male,56,2,172360.7032662452,1,0.9575482828968238,0,99571.34430862748,1
707.0261122090843,Germany,Male,55,9,190551.75699535414,1,1.465150857515203,1,104458.60953097715,0
605.5534186704233,France,Male,37,7,43885.541494890414,2,1.3805133078596001,0,191986.57786207786,0
627.2775703197077,France,Male,38,6,16540.214979854758,2,1.4454235855560391,1,58267.80840660247,0
747.1003996415074,France,Male,42,4,73367.65407677802,1,1.2341997585503837,0,108953.67367214749,1
633.7746563388046,France,Male,42,9,153216.4931395696,2,1.4003874748313345,1,170511.97863190464,0
557.9460046542985,France,Male,35,7,200354.8335346632,3,0.8284503480397106,0,150346.4140805138,1
686.1254621216435,France,Male,33,6,78270.51528706934,2,1.419829848337782,0,77041.78987321991,0
655.6875460926041,France,Male,35,5,35203.53965661433,2,1.265253261008846,0,74821.32925886216,0
746.8574878244929,France,Male,25,4,26747.65082398282,2,1.3666543681084034,0,199235.60463563754,0
701.2535225149569,Germany,Female,28,3,120646.04823734378,2,1.3109757146298913,1,174982.10991608736,0
505.0201451981538,Germany,Male,23,3,186005.29781701794,2,1.0029170033371468,1,128188.49444402216,0
936.6891665982298,France,Male,34,4,108385.47016460658,2,0.8877712606931244,1,189838.1237355809,0
745.3382297799822,France,Male,29,4,17877.238375968038,2,0.06488597801767881,0,26665.960828265634,0
785.3207962894527,France,Male,32,2,63921.85707657966,2,0.35263989399020107,0,109612.31902413192,0
751.2433646816389,France,Female,50,4,120425.9410145053,2,0.3808467480124035,1,123661.49937564516,0
580.4074137828868,Spain,Male,44,8,76955.37241750657,2,0.9170875500940772,0,178022.44159729272,0
673.96134533449,Germany,Male,30,8,170406.18515628704,1,0.004259085852087424,0,68745.67149115892,0
771.8179520011173,France,Male,32,10,79801.85173281137,2,1.0623663241105665,1,187561.5503079959,0
610.391006849942,France,Male,38,2,108099.35838658396,1,0.14482546657750411,0,283307.67379182274,1
541.1507608854539,Germany,Male,40,5,195106.20179513877,1,-0.08158486594709535,0,171504.89856124626,0
719.3369227848398,Germany,Male,48,9,246288.83536106432,1,-0.09510553167958663,1,91927.36050057886,1
696.8323042260505,France,Male,34,9,24900.03166808885,2,1.040147797547824,0,169917.37589570603,0
638.7444497450359,Germany,Male,25,5,176499.93188567343,2,1.2447774347160734,1,58451.6349119127,0
735.8017839218758,France,Male,32,6,74700.15363952414,2,0.9593047060135347,1,167998.37616400165,0
931.1273354131489,France,Male,56,9,93702.57710576858,1,1.1992456471925736,1,105830.67615232966,0
826.3748947860915,France,Male,26,0,3194.8347898326865,2,1.4638761777025082,0,80925.0163970849,0
722.3431435138322,Germany,Male,33,7,237129.7833035897,1,-0.06800332252918101,1,214227.55852005703,0
702.433888158446,France,Male,27,1,18372.58331521062,2,1.1788202398800014,0,122443.03565428464,0
680.1466523336527,Germany,Male,40,7,138599.9995059828,1,1.4562605375314397,1,106466.43599510237,0
562.2759073715338,France,Male,38,5,152033.0472506192,1,1.1310879339168598,1,173721.06796417126,0
615.9242264689983,France,Male,32,10,40592.84405278177,2,0.09606966247967341,1,209710.54990952284,0
755.0156064605743,Germany,Male,43,9,152182.76647465365,1,0.4875241290611241,0,24445.363468441068,1
710.3822812805591,Germany,Male,40,4,110367.2580914432,2,1.1563410592047951,1,147467.43712634424,1
762.9545371894477,France,Male,41,2,49890.41629696637,2,1.474228837186682,0,214808.92763309093,0
696.3328741004158,France,Male,33,2,76522.62371860257,1,0.322004370501218,1,99467.62006173696,0
513.2275125226347,France,Male,73,2,199111.28756460047,2,1.1480839880204217,1,185893.959311844,0
691.4455448392541,France,Male,55,5,4757.6631866332245,1,0.3334348199054868,1,212582.59983216116,1
855.6317950286402,France,Male,27,7,37017.769706396924,2,1.2975513032889014,1,44762.49577557725,0
850.3855653224979,Germany,Female,43,8,107107.00396084925,1,1.4553875864833332,0,113658.19375331726,1
611.6464758883063,France,Male,43,7,20208.08735805125,2,1.1017762303180196,0,194819.57405767715,0
771.1882937580244,France,Male,31,2,58143.99892104749,2,0.2346263290754677,1,129304.22095774252,0
542.8808374730908,France,Male,48,10,61178.5816780427,1,1.2114789166277802,0,195428.92575347237,0
537.0488921022956,France,Male,46,6,31277.705973351174,2,1.3840143036331194,0,139988.1755272298,0
703.3886653824472,France,Male,47,2,15654.47680590975,2,0.9943260972539517,0,232033.98347810947,0
672.7981233203159,France,Male,36,7,156896.76310359422,3,1.454507456069958,1,30378.402468049095,1
500.3316108794637,France,Male,45,9,166305.54159638158,2,1.3304238690190429,1,102853.06788024647,0
635.1111778374866,France,Male,51,8,126242.23866552269,2,0.9285838135304811,1,201559.61100294796,0
586.5843275341892,Germany,Male,33,8,220500.19781444286,1,0.49761196837607236,0,176097.9321802659,0
405.86879982187077,France,Female,46,9,160609.3348607779,3,0.7287734980083357,0,188769.7116015857,1
769.669877030155,France,Male,26,8,9227.563546742258,2,0.45109510084372134,0,182779.37630799183,0
749.6636488905673,France,Male,30,1,23554.409014138193,1,1.546898971129273,1,213022.2191927686,0
772.0623773986846,France,Male,52,3,37707.41490965387,1,1.2445785815829242,0,122861.94515193424,1
858.9502047644586,France,Male,32,2,35706.76408223781,2,0.8509358752937797,0,225345.4269632144,1
775.3179101465732,Germany,Male,53,7,148365.97247827763,2,-0.19021487587672992,0,125796.37267070176,0
687.6321361861122,France,Male,39,4,33094.2912202694,2,1.2828213377121918,0,168823.59917583634,0
761.2304171046184,France,Male,54,5,37274.39424688977,1,1.091943869308427,0,48680.88965394546,1
663.8011803851258,Spain,Male,22,2,106748.64828546217,2,0.01924945970970965,1,39398.10221348707,0
652.7877693331272,France,Male,32,1,191308.14340597513,1,0.21120152097650155,1,82491.25058754112,0
748.8938886024256,Germany,Male,48,2,128896.1652412218,1,1.364057469018503,0,107558.28040893318,1
824.2045916573037,France,Male,31,8,21626.559880364654,2,-0.1020248004185873,0,54631.85901110302,0
516.0541911419872,France,Male,47,10,123618.09651568432,1,1.1241904220022856,0,114185.31668123105,0
552.2617269841367,France,Male,47,9,12421.263823385656,2,1.565576559359567,0,101535.574191377,0
699.3937270449496,Spain,Male,35,8,162496.8001325201,1,-0.01696555258074972,0,190676.58549425477,0
609.7839459823984,France,Male,48,2,66943.46278970665,2,0.4213336990518258,1,212944.29326042434,0
717.025268067687,Germany,Male,72,5,146311.76035607903,2,1.1161112422990018,1,102141.89107204332,0
548.6974719522691,Germany,Male,38,8,115931.737876181,1,0.3483305821511584,0,79299.68670353772,1
732.9832384729752,Germany,Male,21,6,63138.459607808545,1,1.4726137021128403,1,192862.47255617217,0
703.407879600469,Spain,Male,26,7,25411.49705481541,2,1.3923820287914515,1,33069.532319466656,0
627.6352422256873,Germany,Male,33,3,143068.58128597814,1,1.4302117739970601,0,61675.202359057905,1
722.2764667768485,Spain,Male,30,6,143829.11857147972,2,0.9658397742869204,1,39460.37742799578,0
723.4275027818135,France,Female,74,10,3737.0412236928605,2,1.4762940149209232,1,118671.64382841025,0
539.9396376283252,Germany,Female,42,9,114758.8191474042,2,1.033194268515554,0,178204.89674808492,0
818.4324914563018,France,Male,68,2,-22995.61579750766,2,1.2838262954870636,1,48436.1380253447,0
618.9224504046202,France,Male,41,4,139024.294925672,1,1.2835343486240771,1,148486.36821507796,0
602.578629322875,Spain,Male,32,7,94966.69934041715,2,1.3346588781333117,0,111249.4916795735,0
778.9183603163093,Germany,Male,40,5,104851.88121499037,2,1.301271042346638,0,114412.91582048124,0
698.4765043143412,Spain,Male,32,6,120975.52173929573,2,1.0351960025456217,1,129735.37769298305,0
586.2477455343453,France,Male,38,3,86094.93097022499,2,0.9211605567533694,1,171080.76464137458,0
634.7215909535746,Spain,Male,29,6,118511.3627939122,2,1.4219167670494046,0,144139.9242302873,0
633.8540790551506,Germany,Male,24,5,79882.57906259714,1,1.2672170501983602,1,134510.2650266302,0
724.9527920194216,France,Male,60,8,88537.69283715854,1,1.484342546670475,1,9226.217900742127,0
829.6364568955835,Germany,Male,37,7,134692.61989758976,2,1.2152607558568926,0,87229.34326470844,0
684.4925068959484,Germany,Male,29,8,204137.20467440222,1,0.9086998917402753,0,182089.13856627443,0
696.854923705066,Germany,Male,36,6,97042.18267740334,1,0.44304946374949145,0,141959.30055877593,0
562.835371357603,France,Male,38,9,163183.37221208765,3,1.1418812637059128,1,230500.50593784224,1
681.3648551879483,Spain,Male,35,1,168963.3156862043,1,0.302408288682513,1,164369.01363962365,0
615.9409880669207,Germany,Male,22,10,159286.02203946142,1,0.07944181539557463,0,82521.60393205169,0
760.939320685229,France,Male,38,1,18932.476949842123,2,1.5958693701793787,1,135854.2861220588,0
671.0528564319695,Germany,Male,48,1,127187.3259231408,1,0.02781499561388523,0,93828.96220630399,1
781.2007765432014,France,Male,28,3,64003.77510985333,1,1.1493041862781457,1,244753.06301812612,0
786.4502258768695,France,Male,28,8,23119.978197790657,2,1.2495535053463707,1,118560.72361708365,0
673.2937866708425,France,Male,30,2,180848.56465630836,3,0.9792275499537755,0,148590.68713731022,1
674.9357830443743,Spain,Male,30,8,162251.7030821453,2,0.2998204896372393,0,83529.2687293769,0
730.840195547726,France,Male,49,7,13494.973328555629,1,1.5885703001099412,0,86775.97629991529,1
771.4242121102014,Spain,Male,31,0,44658.39591294065,1,1.114819723564437,0,164647.9927941988,1
685.3421334746406,Spain,Male,18,8,61082.09773331221,2,1.3143827611158823,0,111120.0481027796,0
647.6627925975843,Spain,Male,37,5,193089.46295494412,1,0.6057806272204138,0,127993.52663961399,0
927.6867264949883,France,Male,49,6,169687.13652372788,1,1.2165685745271027,0,88579.91582708491,1
737.1336667170506,France,Male,32,0,146630.1521412161,1,1.1547996807024121,0,60034.74067331334,0
849.4837393125157,France,Male,60,7,30350.659591148655,2,1.0408999165712498,1,127366.78442510159,0
700.5793553338974,France,Male,40,9,8450.184202663186,3,1.4690359559187807,1,102073.45134883624,0
906.4839020869388,France,Male,31,6,111222.98742434394,2,0.15182486610036133,1,123286.96914129787,0
624.2154746404482,Germany,Male,32,8,158477.29515757784,2,1.1853479766802366,1,116786.80769923094,0
662.1773208510782,Spain,Male,34,0,198359.9462730852,1,0.1403439282311959,1,98652.79853515666,0
658.5931383016404,France,Male,37,7,78096.42785326469,2,0.7934038714399066,0,107962.70746471937,0
505.8322650821035,Spain,Male,35,5,208550.28757381003,1,0.970258054662784,0,75373.5381605252,0
577.707960126394,Germany,Male,36,1,111547.70312040167,2,0.44191460298003,1,46110.794743034836,0
649.4637186975981,Spain,Male,37,5,90311.25558456354,2,0.7498827042591472,1,222883.53850395477,0
625.7401012063312,Spain,Male,41,5,231942.0619954883,2,1.0526587132270817,0,98951.90504162974,0
886.5498057634617,Spain,Male,38,2,132974.07776619116,1,1.1352676325116926,1,143389.80789799104,0
729.5310987941494,Spain,Male,48,1,177679.33768377296,1,1.618250265371162,0,143791.34603070744,0
622.2847063880778,Germany,Male,36,10,46210.071184183165,1,1.3985387929693032,0,62494.264983218636,0
802.6002128740438,France,Male,43,4,219750.62273933704,1,1.0997875991686352,1,201180.71801240032,0
548.9386176516865,Germany,Female,24,6,200145.98157007623,1,1.519301227978497,0,228440.1338332558,0
682.566955995447,Germany,Male,29,6,114060.98872065743,1,0.05847240275613114,0,72682.80036431942,0
699.4466391713286,France,Male,30,2,103543.68715672671,2,0.4527323905760724,1,46848.493376835955,0
618.7440427680831,France,Male,37,5,153697.27409450721,2,-0.08086972741130921,0,218062.08371664962,0
617.6546649342249,Germany,Male,51,8,129690.43598167035,3,1.4671898194016944,1,288162.30975808727,1
838.3859011944854,Germany,Male,56,1,133896.06851866885,2,0.13382238844925698,0,151202.88612393907,1
644.264226806421,France,Male,46,5,27207.42627658823,1,0.9935768282297808,0,4158.0981407177605,1
827.6728127117868,France,Male,52,4,22701.064147539553,1,0.176409575507893,1,186111.87702279014,0
658.2189697421053,Germany,Male,38,6,121547.84055399148,2,1.287837907802478,0,160260.86963079526,0
755.2980421181917,Germany,Male,36,6,215423.89164385997,1,1.1138538515932737,1,176980.98661831015,1
579.2205871061104,France,Male,28,5,71345.70544204977,1,0.35016930682378145,1,161804.3698120747,0
901.7828968533304,France,Male,27,5,23160.143282852474,2,1.0939685403297195,1,130345.37055891115,0
854.2590303283937,France,Male,54,8,105417.65475769811,1,1.3651361998864349,1,125345.90802897216,0
443.0951940053978,Germany,Male,39,5,156800.86315244297,2,0.3249916408701359,0,167420.7071301358,0
551.8255854095645,France,Male,35,8,19061.198103047638,1,1.2116124592649853,0,179098.0133112053,1
437.640004980243,Spain,Male,62,1,41154.31286779512,1,1.1258794215551695,1,90870.43911782914,1
695.6195067427586,France,Male,47,4,40302.13764280346,2,1.2594892579969135,0,217672.8825067475,0
726.240387614921,Germany,Male,34,3,209499.30272882016,1,1.3493355988481657,1,40905.9010788851,1
630.3143676333757,Spain,Male,32,3,-16201.678459730752,2,1.689948626396609,1,62872.74004286345,0
816.4520060684915,Spain,Male,40,4,161347.86600009678,1,1.4370307748081355,0,83991.0076399628,1
713.9762787173211,France,Male,43,2,120391.49261608979,1,1.4452713857578272,0,40686.72626680899,0
786.0039316396239,Germany,Male,50,2,125375.41113846838,1,1.9213090840178013,0,116960.48760963883,1
728.7907616801017,Germany,Male,38,4,127449.76079081613,1,1.3416074721253783,0,171860.0160352675,0
607.1673956520422,France,Female,33,8,111499.70958503547,1,0.33455092911770046,1,216042.48668605112,0
669.3672276212478,Germany,Male,58,3,178690.21973331305,3,0.3839843181217313,1,165295.12203003105,1
715.8954395300635,France,Male,70,8,118447.32705083616,1,0.9979795983953424,1,102995.06004989485,0
692.4971622430428,France,Male,31,3,82920.46151865304,2,0.12531171476482342,1,64351.71795320543,0
545.586651464009,Germany,Male,43,2,186927.42031041323,1,1.1112802699073452,0,60634.579160739304,1
599.3467402430878,Spain,Male,40,10,165029.53416894277,1,1.3712748432242243,0,175498.32875835325,0
763.1853762987746,Germany,Male,40,3,186772.28506175522,2,0.18609226079722807,0,106922.0751251895,0
572.6216856701153,France,Male,33,1,157123.3660089735,1,0.25648830957373964,0,173567.27663535275,0
807.1705953603067,Spain,Male,37,0,208236.2051024178,1,1.4703889366981404,1,92424.82143313717,0
803.5669628743998,Germany,Male,23,9,145290.91393453293,1,1.419844094538957,1,199219.6842832755,0
619.2549901638251,France,Male,43,5,185681.3073905255,1,0.18889855723319476,0,191225.72472623136,0
683.3171711878388,France,Male,43,1,134394.53159042518,1,1.0743636072306977,1,154198.94598361134,0
707.3282046892176,France,Male,27,7,60380.08906453053,2,1.481164764438958,0,237997.90082710565,0
613.3812946970345,Germany,Male,41,8,148484.4740968349,1,1.3997302640030826,1,60268.74150988566,0
572.1939656573655,France,Male,32,5,54090.94361293667,2,0.8633855330930833,0,126080.89385776469,0
585.5306240449659,France,Female,40,2,24562.201364012006,2,1.1547745207171312,1,195502.37646717677,0
731.7007472623991,Spain,Female,39,10,202151.2804895172,1,0.2626383220940699,0,151333.83408913872,0
594.6904349907652,Spain,Male,53,9,223627.38439282586,1,1.4008431182777543,0,64959.50764458691,1
786.4334767437643,Germany,Male,29,5,195277.76720393903,1,1.430424020966906,1,-14613.095351219636,0
674.9605994367187,France,Male,40,4,108302.11067177821,2,1.2893165546613603,0,70952.27675378027,0
727.4325324794787,France,Male,48,2,-17360.33397951264,2,1.3572211311718045,1,113205.47321520871,0
819.4745609345633,Germany,Male,41,3,129859.70694057112,4,1.2397935620446772,0,87730.64605441457,1
795.9536994982567,France,Male,38,9,143692.3487899603,1,1.0734945594130942,0,114367.50079385322,0
874.4235163055267,Spain,Male,63,0,14619.290755394537,2,0.1664673589763802,1,85219.87610876528,0
637.9622580432375,France,Male,36,1,173445.58765145985,1,1.2296204076303832,0,191838.92041166004,0
682.5053899308022,Germany,Male,39,3,179322.22726133684,2,1.2175262622591105,1,87180.55262640986,0
650.7108172451271,Spain,Male,57,6,9136.888985152123,2,0.8004441903219812,1,75898.8122808541,0
636.365051934018,France,Female,37,2,126845.05401318568,1,1.135771657352387,0,84240.7934930792,0
780.996431484921,Spain,Male,35,4,71512.85260236944,2,1.2380063495971163,1,214618.69820365804,0
839.654568931585,Germany,Male,47,6,114049.70127244917,1,1.1619367444561797,1,172292.82147176118,0
753.6410718569083,Spain,Male,34,6,93244.5472283714,1,0.16972141600397941,0,119036.82227407448,0
717.4907185634868,Germany,Male,26,5,130219.76257232064,1,1.335305338843245,1,56557.302106699506,0
780.4425579416916,France,Male,27,2,65409.62180038786,2,0.9822077151273154,0,122995.45835630535,0
789.7472647980534,Germany,Male,47,1,179983.70149546978,1,0.8584763920755101,0,250976.5656148086,0
691.4470855586782,Germany,Male,24,9,18741.628902667144,2,0.14688401656092337,0,125116.29660971511,0
751.7360932501224,Spain,Male,39,9,39585.04987008513,2,1.397527156474827,1,42339.328085147354,0
791.2593372845622,Germany,Male,41,2,160426.75039140484,2,0.6056156643415141,1,169024.36346258534,0
673.1216174628972,Spain,Male,23,4,158544.93153741656,2,1.4015864102415232,0,93957.2552318681,0
650.485743120873,France,Female,34,6,176832.83890952013,2,0.8944810153126517,1,156928.79361796606,0
728.7041905044563,Spain,Male,28,7,-32267.25986976836,2,0.17297906960896595,0,186537.0336342809,0
494.0174905027352,Spain,Male,38,7,12409.233496434561,2,1.2831711428022448,0,174492.04295383827,0
783.5131480742674,France,Male,39,5,48280.98166320809,2,1.265359461234883,0,105218.96347782832,0
687.5517760589947,France,Male,60,4,-17650.28407590763,1,1.3468682983210947,0,270364.28897609527,1
599.6391106678195,France,Male,41,6,75140.34539646267,1,1.0186922664069882,1,194374.2924713943,1
759.9207866952468,Germany,Male,33,7,156709.8611576822,2,1.2399752510842132,1,225225.7727427284,0
838.0216074156086,France,Male,50,9,182588.11254558008,1,1.3200568478077719,1,126657.12587791501,1
616.3572409240693,France,Male,33,9,13021.043988421046,2,1.4113983653566136,0,92754.49083257535,0
774.2226382725784,France,Female,81,6,55044.278976082685,2,1.0437796463428146,1,107042.84955787376,0
753.1533226451876,Spain,Male,45,1,62774.17836282386,1,1.1475629515240837,0,137921.91183774621,0
725.530057440802,Spain,Male,37,0,201022.6834965856,1,-0.38393983712095714,1,9759.603072315796,0
689.1562349234887,Germany,Male,41,1,167362.92978296598,1,1.085300107054894,0,59413.94441600891,1
734.03820629343,Germany,Male,53,5,162357.5316545604,1,1.1071687837644641,0,140865.66153085983,0
689.5610770366288,France,Male,39,5,143709.2613554265,2,0.9955868089855844,0,125774.03112515315,0
487.87024925052185,Spain,Male,42,5,25870.88351340497,3,1.2626601099052273,0,157657.6982787426,1
879.0817103197888,France,Male,81,5,25719.32959497357,2,1.2127341213164506,1,119437.85382572503,0
796.5695907237421,France,Male,35,2,41983.37315082841,3,0.7162475910939095,1,94205.67764586254,0
815.7293496862261,Germany,Female,35,2,141622.61307054444,1,0.27390367949043326,0,31444.254766033475,1
864.0310424851825,France,Male,29,2,-1776.4587770783037,2,1.0161515060397655,0,167465.9014454521,0
743.993838304408,France,Male,21,8,26554.312065613976,2,1.3347865113005857,0,171202.3961416386,0
730.3593974179578,Spain,Male,35,2,180139.94718844618,1,0.936487381595533,0,247015.6112824087,0
658.0645059567266,France,Male,55,8,7781.60966837727,2,1.232102617118087,1,200690.48395023926,0
765.8416669303698,Spain,Male,36,8,193635.4239696585,2,0.1615326322578113,0,200831.81838357207,1
751.9623771930999,Spain,Male,29,2,36487.70664223668,2,1.2936421726990803,0,182423.5459485089,0
743.5924821067365,Spain,Male,40,7,156444.92328764463,1,1.2534403150302178,1,176485.19225238392,0
734.940041058741,France,Male,26,4,30694.85748002652,2,1.1678419872434984,0,132472.29315632817,0
633.4942585051258,Germany,Male,32,5,245894.2352179208,1,0.8791559054031161,1,177274.7888546726,0
710.6638020984403,Germany,Male,59,8,178020.0965310146,2,-0.1075344797197817,0,25790.892385287887,1
474.7092447915915,France,Male,32,4,55895.736664312935,2,1.0937672984012934,1,228312.56542351036,0
686.6049481991961,Germany,Male,41,7,151570.02054035672,3,1.2234751196015652,0,36118.182876242274,0
712.779192197801,France,Male,36,2,100987.94380126151,2,0.08827776651413624,1,33252.19935538792,0
750.7319278193733,Germany,Male,44,2,122130.9612953166,2,0.3662267455088606,1,75060.83617735577,0
593.0259297900727,Spain,Female,43,5,-30454.993287607478,2,1.1624210184661,0,135671.5153310605,0
652.3529609319684,Germany,Male,36,2,183736.81767743328,2,1.0078840646546658,0,138217.6487079253,0
713.6181376704907,Germany,Male,19,3,166806.1610432516,1,1.1626744427697844,1,200298.18513048923,0
771.0462118913543,France,Male,23,1,33622.06476396075,2,1.2762363786882651,0,112658.50345813183,0
552.7326881817911,Spain,Male,46,8,70090.4714931381,2,1.2985507364424462,0,141019.09534213226,0
714.9033472203831,Germany,Male,43,4,97610.60817277414,1,1.6486165908680055,1,101879.43259227918,1
669.0447314411642,Germany,Male,31,2,104736.47557885984,2,1.0746082726796717,1,145189.68245191226,0
758.846444111772,Germany,Male,57,3,98808.8179857582,1,1.2087831673062348,0,142226.73122290315,1
829.1427978782845,France,Male,34,7,115811.6721316833,1,0.3213640768374808,1,124250.42868063878,0
720.1083393828183,Spain,Male,19,5,43690.23341031626,2,1.220062765145368,0,142246.4729061809,0
670.9537643061758,Spain,Male,32,10,46256.20266623752,2,1.1125311645328302,0,239985.97217197996,0
607.4642125259945,Spain,Male,44,1,38732.49440683237,2,0.8762298846352807,1,144251.076246874,0
716.9344631177895,Germany,Male,38,7,132079.56033067778,1,1.1102289886522965,1,84319.38572630557,1
675.3350364301502,France,Male,37,2,57565.76196298348,1,0.9833918307896206,0,-4602.761890819602,0
755.7949220142341,Germany,Male,48,1,143596.94638028243,1,-0.16373421526513005,1,185522.09075057958,0
506.3811324997281,France,Male,41,2,116285.35291963554,2,1.0460419170236475,1,-6450.72966464907,0
752.3447227755343,Germany,Male,56,3,171875.56303470692,3,0.9893883084955194,1,118589.62772788393,1
707.2787224382826,France,Male,34,5,135660.52615705892,1,1.35689191123311,1,140268.17088711375,0
776.7865062015997,Spain,Male,43,1,34543.46300732327,2,1.360791501615406,1,141124.05856356997,0
739.9089738813971,Spain,Male,41,8,53416.69210958048,2,1.02165992895477,0,148354.3948564736,0
609.2104667022971,France,Male,40,5,37304.22776223085,2,0.16670075819152014,0,96559.21945795244,0
699.6420255299303,Germany,Male,47,2,149543.35427655737,1,-0.19339718783030807,1,176804.53519427372,1
615.8447845508299,France,Male,29,7,114368.57488486748,1,1.1139458989280324,1,195976.00332601956,0
936.0128467067707,France,Male,28,6,24897.233556757612,1,1.3152478632970315,0,90368.85320981729,0
676.5973727881361,France,Male,37,1,36319.87876960977,2,1.4112331761131518,1,126475.05508842896,0
600.2022867753087,France,Male,30,7,145977.36735075497,1,1.0646622335272855,0,159462.8659474724,0
655.7603332831545,Germany,Male,41,8,145604.12257411328,4,1.462366854247498,0,102655.17591569907,1
643.6006147130192,Germany,Female,40,3,196126.5235922236,2,0.8837935099124261,0,108502.798762368,0
844.2099602609447,France,Male,44,6,22280.39660005577,2,0.9441993248562861,1,141102.3140170683,0
713.7018686732363,France,Male,24,9,133846.2271585768,1,1.385256771250703,1,89431.47548126029,0
764.2037372595403,Spain,Male,38,8,124956.82395099699,2,1.601912905012677,1,85317.28922657383,1
852.3295537891236,France,Male,48,4,134564.18612095146,1,1.336531332548324,1,-18397.122990378553,0
757.7279019768441,France,Male,35,1,101754.77860839391,2,1.2162501258879752,1,61400.018430990065,0
636.1633717982887,Germany,Male,33,6,79493.26010108953,1,-0.2693238005075754,0,96591.27027849751,0
647.9596785688839,Germany,Male,41,5,40070.09673860564,1,-0.23039915640811875,0,163504.4756606083,1
631.4545784840071,France,Male,42,8,112634.99243580415,1,0.2545021798459037,1,83361.97689191057,1
891.6776191922183,France,Male,34,3,190453.95217050373,1,0.1446547462027136,0,170869.1047931383,0
829.6774695838827,Spain,Male,33,7,21702.40873606456,2,0.9761510030842021,0,81271.7408694017,0
643.9101895224012,France,Male,33,0,168606.6412948335,2,0.24010808803988534,1,143008.2961559975,0
846.9382605732845,France,Male,34,9,214260.56821369022,1,0.2512847240738747,1,15640.255501969461,0
814.2704591255747,Germany,Male,37,4,169100.44783596514,1,0.4381564533539893,0,101502.68496378095,0
602.1322653074228,France,Male,22,3,185084.23357358974,1,0.2561229998460987,0,91295.84637180765,0
618.0503975362171,France,Male,32,9,188764.3962196452,2,0.5021484286879416,1,24283.48447695659,0
550.587337076216,France,Male,45,1,211971.7573186886,1,1.2271422981754774,0,35373.612207528626,0
741.9527240061549,Spain,Male,36,1,116563.94470676307,1,1.1993512228289953,1,42688.40072788093,0
566.9942664493719,Germany,Male,57,3,113774.48803111915,1,1.465173999438974,0,117594.93490385372,1
742.2329425668153,France,Male,67,5,-14583.369378353465,2,1.0048581518446307,1,43711.7561950025,0
527.215362566876,France,Male,29,8,105885.19481690315,1,0.8595510840399427,1,213186.18063078253,0
754.1391802300792,France,Male,37,3,19482.972735152147,2,1.3099017801857689,0,78816.86555582844,0
685.2748576147457,Spain,Male,36,4,54735.375679291894,2,1.3111573289951592,0,233832.24680955108,0
738.795782869564,Germany,Male,40,4,177571.52061794087,1,0.3436665241175699,1,135487.6267494489,0
765.3398173039668,Spain,Male,42,5,-11598.482243465649,2,0.6483365694773436,0,226144.79297569202,0
820.585706433247,Spain,Male,41,8,42269.66509064817,1,1.4039252624999554,0,273622.68726173614,1
636.077273448485,Spain,Male,37,3,106362.45854405977,2,-0.13634386868073128,1,137962.6088625886,0
650.3190905719894,Spain,Male,64,1,135970.2523822922,1,1.5416002186413271,1,100663.48392597763,0
736.1607211746259,Germany,Male,37,5,150422.89784451405,1,1.1485229686798726,0,118059.94637937439,0
433.2980518383623,Spain,Male,20,8,179006.618218344,1,1.2494873385251373,0,160274.5903720815,0
634.8157487909924,Germany,Male,44,1,210606.2968856254,1,-0.06292734595155569,1,66707.2497615653,1
892.8401749340427,Spain,Male,44,8,11987.47724402569,2,1.3439157611200172,1,184836.2976010356,0
755.175323608886,France,Male,32,6,107839.66143998585,1,1.0785596368984036,1,80409.70292083637,0
758.5931576915228,France,Male,38,1,104754.95695705719,2,1.2479132342366905,0,66388.97178111383,0
731.440227374045,Germany,Male,34,1,142228.72514497692,1,1.1613217860638005,1,166476.3006545683,0
730.1294134475005,Spain,Male,41,0,43333.759629048975,1,0.6591250647351172,0,113224.71489730186,0
644.6755897135829,France,Male,43,0,24604.892536891428,2,1.6720252684787893,1,72330.46065223134,0
662.5949027374777,France,Male,28,7,160028.58521391603,1,0.23582223662562832,0,76803.63760586493,0
588.7391195843456,France,Male,21,0,41331.73846515782,2,1.2397577123308774,0,116930.46376934777,0
887.9866136937408,Spain,Male,46,9,70427.66832451588,2,1.1411889360347538,1,85279.7861896311,0
826.0086804871104,Spain,Male,29,7,100840.63057741208,2,1.4745693873187686,0,117763.45591496647,0
813.2972918980909,France,Female,40,0,-10703.037958602587,2,1.1512218112845403,0,281683.1776694672,1
625.4490196171319,Spain,Male,48,6,203312.37935685314,1,1.130396388720967,1,135083.55321014492,0
802.6199781827816,France,Male,40,2,188289.40274899857,2,1.4458579287494628,1,183132.8770095612,0
690.4115549089778,Germany,Male,55,8,183501.78962898077,1,0.10404010488674695,1,170795.02982730145,0
690.0131420054615,France,Male,27,5,41982.86478464148,2,0.21683316217753393,0,173704.01952146122,0
735.524446384303,Spain,Male,24,2,26368.323747966457,1,0.8690068958784487,0,49097.27193777292,1
750.5735848838341,France,Male,27,3,40932.78358079972,1,1.384023813804733,0,49781.22031366943,0
725.822381459921,France,Male,32,9,189807.02961721824,2,0.6626976505932796,1,112340.71379292122,0
733.2666654588522,France,Male,35,5,93380.50793616039,1,1.3878625025494307,0,138996.56274694818,1
841.3175888483881,France,Male,31,9,32453.683938895723,2,1.5547440799956573,1,123230.26160800546,0
703.4023815544872,France,Male,34,2,35209.57831345808,2,0.03467948564003365,1,53129.55891441395,0
961.2248500348937,Germany,Female,37,10,193120.39064505429,2,0.2785944464727937,1,230042.63449550956,0
729.9819870226646,Spain,Male,33,4,100794.11416781902,1,1.0128083947213296,0,12652.244164508105,0
552.1875171533309,France,Male,54,3,180470.57087074366,1,0.17401601950504944,1,61895.45829141583,0
700.4419555024961,Germany,Male,27,7,165406.10016614548,1,1.3993517580644679,1,74808.03864614145,0
735.7500002265831,Spain,Male,31,5,125880.9157178738,1,1.2482852664806157,1,66391.8527681038,0
856.8718510345935,France,Male,38,7,116558.5998771069,1,0.9070150938919013,1,110241.71563011484,0
591.8353850523495,France,Female,43,2,-17892.252312942273,2,0.9290110527181996,0,113945.2843438874,0
772.227565814869,Germany,Male,39,10,69993.17308010696,2,0.9141081704430652,0,166487.81456638535,1
606.9462175313797,Spain,Male,30,7,-3562.384614106126,1,0.33608529313440827,1,133639.64840918127,0
594.6222370407835,France,Male,34,4,181791.48573054565,2,1.6904208019048002,1,32302.709287701473,1
633.6137970793151,Germany,Male,51,1,141192.06129338933,2,0.5323585052641671,0,71197.29126748556,1
598.161299498768,Spain,Male,41,4,89139.38040353313,1,-0.20190212570638472,1,216704.268078312,0
714.0353784322343,Germany,Male,52,6,135195.98406456108,2,0.545567470153244,1,87232.86052224252,0
719.1208641702207,France,Male,41,6,105967.87253230608,1,1.4363502441631872,0,155513.132677901,1
725.8580369712423,France,Male,32,7,126658.3187582054,1,0.877121610652986,1,111128.10497401666,0
777.3258769204192,Spain,Female,49,1,17994.048039373683,2,1.1570171861198213,1,118926.88986655831,0
629.1135608156146,France,Male,27,1,147124.77667700368,1,1.4722069401923243,1,149330.6192777817,0
528.0874289339886,France,Male,33,8,184135.9494697545,1,0.3493761079117056,0,168915.8794876585,0
746.8243602849124,France,Male,37,7,49138.764418902516,1,0.930348237691941,0,162168.7434209415,0
579.131296519878,Spain,Male,39,2,20052.248562129746,2,1.3629661132015194,0,112086.29844019857,0
702.7089105638331,Germany,Male,32,4,170869.87944238214,1,0.7436745734641199,1,113834.02811158542,0
631.6330891279603,France,Male,51,3,-4307.5552567150335,1,1.1751299629904957,0,205604.2701626543,1
745.4801084960363,France,Male,28,4,158747.26690977323,1,1.481769137282206,1,105429.59424294761,0
735.4732401843894,Spain,Male,53,10,109182.55634247107,1,1.229485885622778,1,175543.44997701916,0
735.7728910911653,Germany,Male,59,5,157288.21440629545,1,0.11290987158130522,1,132222.22572578432,0
716.070227086586,Spain,Male,35,2,73843.4333266296,2,0.4257470159056114,0,71427.1516513457,0
659.0963710341886,France,Male,26,1,33125.561796040165,1,1.4449923833435165,0,65162.07167966118,0
672.1623896251534,Germany,Male,69,5,134011.78887121228,3,0.5205464609242145,0,220734.31608299655,1
879.086576994181,Germany,Male,39,5,114975.70644919887,2,0.42236604015966595,0,131200.05370897017,0
674.9047281555025,France,Male,59,5,25176.552376396656,2,1.4690189030891474,1,210835.46429781165,0
632.7816281124392,France,Male,38,1,94985.41992780712,2,1.3904952020802137,1,56443.642574934085,0
673.5656065892795,Germany,Male,38,5,158160.68641376917,1,1.2851753853104566,0,161313.6551835292,0
758.0887466967944,France,Male,52,6,144286.6239944938,1,1.2455109562503952,0,96474.16179122191,1
584.0950870447564,France,Male,67,8,153648.9046807114,2,1.1718765937460698,1,182967.98735526815,1
471.9347001285093,Spain,Male,40,2,186461.50524759135,1,0.952144734263177,0,201010.95616800291,0
794.6802991523559,France,Male,42,2,98198.45964263898,2,0.010070145547594861,1,194201.44172201227,0
562.6427084427542,France,Male,23,2,21660.99368238248,2,1.1617915144824273,0,240881.09347006617,0
685.6486353085935,Spain,Male,31,4,44125.09050204909,2,1.2797499671036987,1,143519.71425262187,0
769.2124497107113,France,Male,41,5,20980.458151577066,2,0.5500149471862499,0,204576.8150711795,0
539.1395063920627,Spain,Male,30,8,203981.80466268904,1,1.2159222906071085,1,173885.8920236184,0
684.828377647632,France,Male,57,7,46250.19632816818,2,1.451465183036579,1,109908.38151678498,0
709.9849104917624,Spain,Male,36,2,184721.00298272475,1,0.468554895157116,1,47715.64827665913,0
616.0188727108853,Germany,Male,23,6,62297.460054968,2,1.173186482782274,0,133781.73793334395,0
642.5175552935196,France,Male,44,2,-15024.154800267857,3,1.359348953337248,0,167324.5751298583,1
831.2716458679764,France,Male,40,1,173253.61360479647,1,1.170464084181957,1,166852.83015520914,0
598.5462705928423,Germany,Male,40,0,158531.7903594546,1,0.5232722299881533,1,44183.928946529864,1
652.678806802502,France,Male,38,8,8513.241489394513,1,1.3686224366577708,1,156522.86333171933,0
750.1785809022631,Spain,Male,32,6,108929.27565902528,1,0.9570762161911083,1,181854.7555111401,0
745.844053202473,France,Male,36,0,-59619.71452230906,2,1.2617390293430506,0,111195.20385084722,0
581.0510804606249,Spain,Male,57,8,136804.35325502796,1,1.5967280208319719,1,236982.11473142297,0
559.2491398437982,Spain,Male,28,3,200184.77143339103,2,1.1845021488580296,0,254627.51940963182,0
861.7245322008309,France,Male,44,8,43546.009093560344,1,0.3262294313252673,0,104949.51977599536,1
858.1056802875601,France,Male,25,4,122058.09361044016,1,1.3483497536806603,0,118343.11748287814,0
606.9265812237041,France,Male,38,3,183194.34839302048,1,0.9917473623471563,1,214253.35824660177,0
771.9149268958885,Germany,Male,37,0,108953.79069307186,1,0.3404243134355813,0,171732.5286956819,0
922.3604850340013,France,Male,38,0,128156.58974720334,1,-0.08874717400407117,1,227558.68950543317,0
569.601770139324,France,Male,37,8,185670.71056308862,2,1.0843622068788918,1,210390.19657693754,0
475.37778529746157,Germany,Male,25,5,121785.02736570069,2,1.4677453153401046,0,155667.01990725263,0
723.1076351139861,France,Male,29,4,203002.40043452487,2,1.3057327055623713,1,61428.717712213984,0
778.5697690237175,Germany,Male,29,1,148041.27566754876,2,1.1567296080624747,0,36928.90606102843,0
863.3268471445673,France,Male,36,7,50630.522196364254,1,1.3259468518220716,1,70163.04246004336,0
764.0655012756521,France,Male,35,6,9457.308649667364,2,1.2117996740649424,0,72205.33062404106,0
653.0091757009609,Germany,Male,51,4,167573.91879991122,1,0.22817536747735306,0,222891.2131853672,1
734.3194511484814,Spain,Male,40,8,184074.6472298963,2,1.3733490048421921,1,96852.12290991514,0
663.4728625392319,France,Male,37,5,90540.59531554214,1,1.0614352031144234,1,192365.64957964353,1
496.21905269762533,France,Male,50,5,154623.5632935146,2,1.2344303588177796,0,250577.99150260972,0
870.7974495695066,Spain,Male,45,3,171098.74292958746,1,1.1549741151496078,0,175402.11512898773,0
652.9354315731987,Spain,Male,29,7,167871.7322807579,2,0.8680395990187008,1,103157.07706552166,0
829.9009715363281,Germany,Male,41,9,210694.30819367268,2,1.0179245727678086,1,250946.77525732206,0
667.1681015407632,Spain,Male,21,7,133017.80108185837,1,1.5787219938557253,1,196929.6530343925,0
794.7601869581314,Germany,Male,24,2,195102.89477745135,1,0.31203482043722075,1,207489.26091831573,0
604.7765619861892,France,Male,34,3,34338.442930721794,1,-0.07291768431992601,0,206384.24705196233,0
595.9637110052774,Spain,Male,47,8,148968.1321667191,1,0.8782360498560473,1,131873.532890632,0
639.5927487279985,Germany,Male,41,9,181357.06494453122,2,1.2000658002134215,1,47635.02496201009,0
772.6985061558572,Spain,Male,43,0,19369.05236590637,2,1.5771401200284763,0,121842.01571003183,0
645.2017778124365,Germany,Male,37,10,135958.63242770947,4,1.1832566670218614,1,115699.0360823446,1
653.6155980540352,France,Male,34,1,95564.5576877854,1,1.519861393112162,1,48282.9279944376,0
608.2958320743991,France,Male,31,3,138339.48367471973,2,1.3046453185792641,0,202150.83808820165,0
778.6311013711529,France,Male,34,7,-17169.71200528007,2,1.3315329261785636,1,222921.52620084333,0
778.8963720969008,France,Male,30,4,187545.4381156783,1,0.9243484328352474,0,64395.81152154248,1
782.7597694799078,France,Male,37,3,13997.413447665247,2,1.4366031904086722,1,168177.5519472056,0
437.87294050752575,France,Male,25,8,193156.0900184657,2,1.1498670240776858,1,165204.0582578013,0
492.259471965951,Germany,Male,52,1,89128.36104196271,1,1.4198309605226458,0,84109.3972527929,1
765.6166383846553,Germany,Male,44,9,117847.11286361348,2,1.041875106522762,1,139304.70090045506,0
501.54600277319076,Germany,Male,28,10,105482.25698325664,1,1.2652373784188178,0,75322.60737282396,1
760.999128937358,France,Male,49,8,140406.99525750935,1,0.30466158438943025,1,220389.41739101004,1
774.8160655602948,Spain,Male,39,6,37864.28756375957,2,1.190630907545012,0,113001.20262669692,0
561.8348134490778,Spain,Male,42,6,24908.91115243693,2,1.316501500700069,1,86303.48746066302,0
721.4878369967249,Germany,Male,31,0,130543.38102111916,2,1.1653107552270041,1,211196.66345559235,0
500.67904213950214,Germany,Female,24,5,142672.04027747957,1,1.0790811967925582,1,142633.7774492557,0
559.5078144095014,Germany,Male,47,5,176707.6447653743,2,1.5871220127074954,1,194287.98621445184,0
567.1966806944723,Germany,Female,41,2,123968.08735898219,1,1.4617129162232125,1,198877.7517821006,0
602.5036678776779,Spain,Male,36,7,51799.64089237236,2,1.0538869574543501,0,59281.78264195314,0
638.2269651106681,France,Male,37,6,50458.75051101215,2,1.3534346768824275,0,237536.16069381704,0
678.4953440753719,Germany,Male,33,5,158798.96764922774,1,0.057984982647653255,0,170943.7149284074,1
619.884402392703,France,Male,31,1,149761.71011666703,1,0.9583829931830485,1,192681.85090769813,0
645.5506047489991,France,Male,39,0,39343.8210836918,2,1.4583004829672714,1,99737.61748304812,0
570.6583465186061,France,Male,46,4,216655.83330715564,2,0.8413375452376128,0,62999.28358005728,0
524.429564653826,Spain,Male,32,2,159650.89594628086,1,0.4341994770134596,1,200063.1198692175,0
669.3701659518302,France,Male,40,4,100956.06668775572,2,1.1683922387649337,1,51522.89782280961,0
710.6849150096334,France,Male,39,4,7479.969249451322,2,0.17767081086850606,1,15544.43654943761,0
658.802568324382,Germany,Male,46,4,136388.8292979697,1,1.3176746314898775,1,86855.1536711753,0
543.5594572582268,Germany,Male,48,4,126575.26612865034,1,1.3563087890406162,1,89978.44235614198,1
806.925351396213,France,Male,34,8,3374.7900827815647,2,1.039131987643409,0,167059.30403668428,0
679.416438733803,France,Male,56,4,28203.083242471923,1,0.38707386251186704,0,123835.48513994965,1
778.280772580543,France,Male,39,4,201145.76988271557,2,1.2508879371449395,0,88011.97226904816,0
635.57339376137,Germany,Male,30,4,111771.18264771346,2,0.9423003783693785,0,197416.2913577637,0
668.1369769949931,France,Male,57,8,7115.558476886887,2,0.1870612444581666,1,173336.35881238538,0
522.794097940302,Germany,Male,45,1,180753.37816752112,1,1.536599595171411,1,102982.66213216615,1
698.069060247552,France,Male,32,3,201672.33697425315,2,1.6031463242199828,1,92664.60910829797,0
702.359132744499,Spain,Male,30,10,25503.075874866314,2,1.386988874928109,0,54376.69667062463,0
667.3153878179156,Germany,Male,43,4,151215.01500216106,1,-0.04289217602276152,1,61925.087650718684,0
824.8479883010937,Germany,Male,41,7,237401.18293963838,2,1.3358947251419844,1,114857.25104604429,0
736.5586596260076,Germany,Male,28,10,160075.9193549383,1,1.4170746918946502,0,208845.72257540736,0
662.9151546740698,France,Male,30,7,-13599.810173997244,2,1.38887261811088,1,251366.03079725953,0
640.4606869523548,Spain,Male,43,2,173366.74692198416,1,1.4022232348461685,1,71491.0903924057,0
595.7029517960286,France,Male,47,9,121647.63703604406,1,1.3071989513436564,1,209502.63449520888,0
610.1358569725276,Germany,Male,30,0,103998.95249183959,2,0.20902345345394047,0,168516.69633287372,0
719.7984870385798,Germany,Male,19,8,144821.0543917694,2,1.0882508272994393,0,51762.92211374997,0
568.7357606883842,Germany,Male,34,1,87830.04245317436,1,0.7976583875431161,0,150531.6070167796,0
805.1158993106118,France,Female,47,3,201645.90569365252,1,1.3018761031345887,0,149176.33088900612,0
758.8264842315218,Germany,Male,36,2,195381.78739275323,2,1.2672662344888146,0,79192.40322090001,0
701.248125771626,Germany,Male,32,4,185342.31750679258,2,1.3509855675238422,1,181318.88585758972,0
791.9000988019454,Germany,Male,36,8,194277.48643769452,2,0.9239375948848578,0,246002.50008120656,0
802.344296782645,France,Male,26,4,76221.11941554652,1,1.3706895679881042,0,142184.6251746376,0
563.5880982578017,France,Male,32,1,140130.85581832702,1,0.6883139902955102,0,244873.59359288937,0
743.45743052609,France,Male,45,2,127809.316838423,1,0.2430189405806161,1,184771.35417354642,0
693.8787361632068,France,Male,37,4,-2189.100033688377,2,1.2114451967027826,0,100137.2477913548,0
391.16137252931753,Germany,Male,39,0,161761.8731880132,2,0.29497179027092846,0,165994.14789171598,1
801.9781152908455,Germany,Male,44,3,202063.23011297415,1,1.683309603474135,1,86042.64650823898,1
589.1645561643368,Germany,Male,41,9,154074.1091121085,1,0.9946711917116974,0,209806.6413761487,0
611.8060839997144,France,Male,30,2,112248.76660988634,1,1.2711317527883486,0,134269.94356282632,0
588.7013464271488,Spain,Male,22,9,104671.69867590962,1,1.0451453800198411,1,201548.70025369464,1
752.4489677607779,Germany,Male,46,3,194490.5198641236,4,1.102078371253812,0,177904.18253239253,1
612.9374483072738,France,Male,51,8,93906.16247666912,1,1.2141661908181867,0,176428.50287044013,0
674.8377606440811,France,Male,34,5,165805.9011715354,1,1.5289479699591766,0,193437.76112405068,0
626.6153406423415,Spain,Male,34,6,206753.31520038904,2,1.6311777883179819,0,129131.20074841604,0
718.6397304344506,Germany,Male,36,9,38791.529224070124,2,1.3263256777051629,0,90504.54336159029,0
810.4072229983461,Spain,Male,24,10,60251.904047444754,1,0.14047871629809916,1,30340.96838079751,0
488.89255071480363,Spain,Male,34,6,108215.80343651609,1,1.7870569763693887,1,17309.94984731162,0
644.7373354315276,France,Male,42,4,14549.230030977707,2,1.1289953976704274,0,82408.32122199833,0
643.8929726847292,Spain,Male,41,3,118882.5622793306,1,1.0966406259974149,0,121113.75551686464,0
851.4864919905469,France,Male,38,10,161393.74138289195,2,0.8253736243065819,0,144812.47107470044,1
495.8406251201889,Germany,Male,55,4,103299.02514120397,2,1.539937469590717,0,182443.90595274777,0
697.1729331814752,Germany,Male,25,2,204256.2440559023,3,1.4435262651556404,1,212601.8159302279,0
578.6832509946892,Spain,Male,35,4,138741.87142570445,1,1.7701714310131877,1,90397.09443477124,0
658.846001621892,France,Male,33,4,187108.03799379448,1,-0.08777554908280971,0,120921.7613816049,0
830.2865042475759,France,Male,33,0,136083.68009753278,1,0.5539264620134685,1,68674.71503009775,0
615.1409350975614,France,Male,48,3,102274.56515321117,1,1.241145318201626,0,123275.33287287466,1
775.2200492605805,France,Male,44,7,46770.41380487921,2,1.4069882776615636,1,69524.49178905756,0
679.4885569936183,Germany,Male,38,6,194253.5263954852,2,-0.14597069449098826,1,171637.82643101315,0
690.8673388062795,Spain,Male,41,1,43947.06202056412,2,1.5561598192563189,0,198938.19128351574,0
568.5659048545283,France,Male,40,5,-20806.574865376384,2,0.40257532160992693,1,230144.90231874946,0
605.8015286584924,Germany,Male,59,7,158073.39055829827,1,0.21657289334319063,1,181464.21491459783,0
687.2121616405008,France,Male,70,1,93375.59587114214,1,0.37071120034336247,1,125905.59054926716,0
686.9444992104567,France,Male,40,1,37488.28101196674,2,1.0528435037239796,0,179499.93998811085,0
481.7504717788057,France,Male,26,1,108063.9856500135,1,0.09476935644570589,1,90380.62367645773,0
707.4143755504106,Germany,Male,38,5,167663.58688254916,1,0.12090788237516716,0,64664.12583139815,1
531.0471373374403,France,Male,51,8,125993.70548686796,2,-0.1921544776503169,1,143899.22457616983,0
688.6126815364787,Germany,Male,37,4,107894.00581662275,2,1.4195303648875335,0,184644.38618345128,1
877.9542336576409,France,Male,46,4,52011.18217838109,2,1.4938557130293217,1,166348.82644714625,0
615.6831603722892,Germany,Male,50,8,163119.1901481194,1,1.0672993829304294,1,73202.3087893609,1
786.8851703136028,Spain,Male,36,4,130235.33002423507,1,0.3038053028805029,0,137815.38450071475,1
773.2088646727782,Spain,Male,35,3,193738.30695831074,3,1.1655037823827772,1,124261.24971897062,1
656.7287792822176,France,Male,38,10,16975.135361919703,2,0.29931447162318886,1,122755.38707605224,0
523.9167483664794,France,Male,46,10,31322.505271053415,2,0.08392208569136347,0,132153.25535394775,1
625.3501898716232,France,Male,64,4,38509.11019826679,2,1.0262690821368796,1,221968.59527213196,0
715.6845328468288,France,Male,38,2,127791.29566403969,1,1.4624164349944113,0,140311.17690288695,0
713.7345059887305,Spain,Male,50,2,44646.18902325391,2,1.2109482600602948,0,65143.0321851852,0
568.6534523468646,France,Male,33,1,141977.35408647347,1,1.6810047999399356,0,188004.79919204774,0
545.166678872448,Germany,Male,26,1,124504.63810470623,1,0.23577644612996657,1,75376.37287334936,0
652.0793543995164,Germany,Male,32,0,181271.9213671221,2,1.0166576421171263,1,243646.9012583582,0
608.2712617191501,France,Male,64,3,122812.09048382046,1,1.5018208974918092,1,116721.7012342492,1
685.1196930587552,Germany,Male,48,1,100404.38346926891,2,1.3674860031808693,0,59380.186414254684,1
693.7228706913686,Germany,Male,41,4,188263.77289644556,2,1.3891351133224927,1,74765.764315281,0
832.9099211734815,France,Male,36,3,253769.01403520396,1,1.4936319640757594,1,138744.16740892988,0
669.5618698512047,Germany,Male,36,10,96298.47686631829,1,1.0782392012641284,0,164349.59568382526,0
634.9442614920772,Germany,Male,55,7,91530.2269384367,1,1.196665538992188,0,94342.65439830034,1
768.9714252262154,France,Male,42,9,139472.21015347194,1,0.18670625411718067,1,139275.90246014192,0
863.4315373899954,Germany,Male,34,6,128096.71616910366,1,-0.06551709102000858,1,202080.06689367883,1
628.2331256882048,France,Male,40,9,24584.27100140872,2,1.1659432702860215,0,214241.21975024603,0
633.2575332104154,Germany,Male,40,7,92268.99854395677,2,1.5264818877048898,0,71883.37805984817,0
660.1277246867777,France,Male,41,7,47936.67701434406,2,1.2788229019983608,0,108614.28056584072,0
633.2157318989356,Germany,Male,54,1,169809.89986918648,1,0.922018223310755,1,132357.2664534339,1
672.9797804140269,France,Male,50,8,-15004.27041032229,1,0.8747466376972578,0,172501.88068263014,1
596.2534312423086,Germany,Male,58,9,241866.27965063514,2,1.6004830786329192,1,217743.0157114541,0
458.9037179754792,Spain,Male,37,0,92643.18428133156,1,0.20498834770844881,1,132410.11891301943,0
835.0469631258512,France,Male,39,6,162924.52751466443,1,0.07945290730144655,1,57830.086115819584,0
753.9986666408647,France,Male,28,2,154682.42120286688,1,0.1635993608904914,1,189354.66256131386,0
676.2392791982309,France,Male,21,7,125031.59089432331,1,0.892443033317228,1,193646.81678245118,0
674.1705973497792,Germany,Male,42,3,175060.99133963976,1,0.5460224811096145,1,88449.78825322918,0
796.4055647466635,France,Male,29,5,-22174.493797585517,2,1.1367700071490234,1,20890.209127797865,0
554.3901691435053,Germany,Male,50,7,175012.11365480692,2,1.5334724293509325,0,83076.58892784105,0
756.2961542206289,France,Female,25,4,150614.39005303578,2,1.236980160891098,0,228427.29833431993,0
777.0616974040898,France,Male,35,4,86426.07377984237,2,1.5474729611655471,0,43164.69849422361,0
867.2359567431499,France,Male,31,7,25062.287153483834,3,1.2831846898387838,1,140633.46251754934,0
637.8074775374175,France,Male,21,3,80965.3157992337,2,1.41760914624302,1,70009.14234135175,0
597.716037450077,France,Male,41,4,117095.15709341686,1,1.3873820020945642,0,168177.98592961166,1
588.6889700669304,France,Male,27,3,48170.29741424866,2,0.3657938961813444,0,188230.32230499983,0
533.4897894033685,France,Male,30,0,148924.57906263112,1,1.3037447901098056,0,39936.280531431425,0
804.8981492439507,France,Male,36,7,3974.1670103402575,1,1.1728701225176645,1,49993.807633257326,0
659.4857404151431,France,Male,46,7,85244.28316786319,1,1.6569667246152122,0,134443.33795443046,0
677.8800582791459,Spain,Male,29,2,67145.7394191552,2,1.020970905045854,1,25398.59111725861,0
644.7524764266578,France,Male,27,4,20521.63591161271,2,1.2263116043049673,1,225659.26624794584,0
865.3082373702081,Germany,Male,40,3,88628.68941912954,1,1.2286953129907607,0,189124.8122725556,0
661.3196018289428,Spain,Male,43,5,29815.10003481052,2,1.3160272843203074,0,38053.04897066998,0
580.942132955862,Spain,Male,38,8,74421.94352288311,2,1.12856315670987,1,29020.371393061272,0
830.7937106290058,France,Male,32,3,19958.701921091124,1,0.2962661371149279,0,83291.30268546005,0
731.4269171440556,Spain,Male,34,8,27872.064756925574,2,1.1872937733838476,1,197358.82237607517,0
623.1992379858336,France,Male,26,10,104976.97709714957,1,-0.13113771348329967,1,76131.6022460906,0
739.2090002015152,France,Male,48,7,-18684.05987560072,2,1.227493437169791,0,82500.90172994327,0
786.8340742198073,France,Male,60,5,153005.9901914797,2,-0.022661484286246675,0,47133.303880720334,1
615.919415971345,France,Male,36,2,148692.799983291,1,-0.16548716057838075,1,206124.0935905563,0
704.0838641608074,Spain,Male,36,10,-47487.015289749645,2,1.2561840757244962,0,65897.14305201692,0
792.5657317814779,France,Male,35,3,54166.62248966181,1,1.335280995537849,0,240614.235988212,0
738.0466593598902,Germany,Male,28,3,101331.84256135355,2,1.344027535618297,1,83902.02923066058,0
705.0563773849478,Spain,Male,42,4,8683.355000953808,2,1.353147683012643,1,53701.740770716104,0
535.7748697187393,France,Male,22,2,-9615.19442803814,2,0.789849535552819,0,71241.21779396314,0
621.1108980134211,France,Male,40,7,55713.27871995517,2,-0.08135188531013238,0,168231.8785723783,0
562.2521381633765,Spain,Male,29,1,138491.4654983122,1,1.6700560450087436,1,235998.03575095776,0
699.9452182349077,France,Female,31,8,102655.54699502498,2,0.9893619347500378,1,117684.40213405207,0
677.7787504502814,France,Male,43,6,43100.02337091869,2,1.3629883938613394,1,152839.8700472586,0
719.8062250411899,Spain,Female,35,3,98788.63151057283,1,1.0705457631717619,0,-4465.825530601833,1
628.6251833404622,France,Male,41,9,25282.15316910499,2,1.2432944442978682,0,48178.465911853695,0
599.5984001692735,France,Male,37,4,195347.57282726016,1,1.0826428340841086,1,158655.25572981755,0
592.812314795747,Germany,Male,29,3,180148.46563048413,1,1.3518791145168367,0,83646.60111438035,0
596.6029856403376,France,Male,54,9,136668.5321776489,1,1.256161721145602,1,202326.61250323756,0
873.1577771952755,France,Male,27,2,14526.939177218386,1,1.12432288790188,1,66872.39709951586,0
614.8498361192267,Germany,Male,50,5,105514.11957902956,3,-0.011305831418180812,1,50061.4094904378,1
718.6646083807688,France,Male,62,7,15808.228236508572,2,1.2856813992389577,1,94250.36427880538,0
708.5793883327665,Spain,Male,21,8,54347.42688738117,2,0.9520657509238535,1,132805.8412599992,0
703.3298465345046,Spain,Male,49,8,75820.91340739637,2,1.321669885936116,0,184083.0318911202,0
634.1317091878445,France,Male,34,7,157948.71197552953,1,0.8171954321059183,0,75833.14204115888,0
685.5478325060956,France,Male,47,2,17457.023523455267,2,1.5295894726536987,1,159704.94482422902,0
653.7432078899056,Germany,Male,65,6,169352.07492319503,1,1.38721408723901,1,77065.32610344437,0
609.2396728781501,Germany,Male,37,9,179988.2242307454,1,1.206050089323374,1,152605.33244546247,0
698.1474642987121,Germany,Male,18,3,187984.91638915607,1,-0.21153937708469478,0,224515.1673487858,0
803.8803375993037,Spain,Male,34,6,109433.3795827395,1,-0.0726243117414363,1,60557.673025087875,0
703.3587817923839,Germany,Male,37,9,110748.4822920814,1,0.5144066337633224,0,212746.5257231454,1
644.9141882528717,Germany,Female,28,6,156932.40051180625,1,1.0473765575370066,0,202295.68261467258,0
778.9703288304867,Germany,Male,39,8,89331.57578494435,1,1.067770807754733,1,131094.63980395207,0
887.7312127145857,Spain,Male,52,7,1103.504069047267,2,0.1880130862675612,1,155657.97146428112,0
700.518760186334,Spain,Male,34,5,2574.850546753576,2,-0.013981560817285077,0,111542.67447311888,0
706.2585647028752,Germany,Male,46,9,173248.7145729845,2,0.9488997255832367,0,180909.66093974502,0
699.0193959595412,Spain,Male,57,3,64124.496840964755,2,1.2139670424260032,1,88051.36140413095,0
659.6787369894715,Spain,Male,37,1,138048.23365977997,1,1.0244428520684485,0,49231.22021354588,0
650.35065735134,France,Male,61,5,-935.137815515518,2,1.058359110519833,1,134582.54070206755,0
569.0513161587736,Spain,Male,55,9,128304.69639901593,1,1.0493066146479395,0,177941.52760027366,0
763.8100233096861,Germany,Male,28,6,187111.87274584273,2,1.3430500454214513,1,85452.1073072212,0
781.6837034584487,France,Male,52,8,60399.03421470954,1,0.1730335004552187,0,196411.41159285157,1
726.5466344723933,Spain,Male,59,7,2713.8822240884438,2,0.18510134537390574,1,68250.3998533075,0
736.8842041569972,Germany,Male,51,1,193050.0272104756,1,0.35985725167340754,0,55676.15129728655,1
702.6461015747865,Germany,Male,42,8,155015.64857723252,2,1.1933335807720333,0,108984.33233381405,0
577.0773343119048,France,Male,38,8,138756.97754124325,2,0.16263895710325632,0,53966.631531351464,1
606.5861818729958,Germany,Male,49,7,185327.92424076563,2,1.3313526303986722,0,40869.6951882743,1
533.3712856357728,Germany,Male,32,9,185738.78587217798,2,1.3759132305244535,0,103473.89858204426,1
614.700928652415,France,Male,33,6,92726.8259426609,1,1.19219923909976,1,226109.94625815863,0
624.4510610743555,France,Male,51,6,155249.3822497949,2,1.2435051462463544,0,161011.86340218625,0
617.4071488833771,Germany,Male,40,1,157199.57712902522,2,1.0491715895627878,1,79422.01223527954,0
798.6578321703819,France,Male,47,8,135830.1509870215,1,1.0313938107000375,1,93079.13804522392,0
702.4590395130213,France,Male,73,8,120631.74577984646,2,1.398661319043741,1,165578.41514431627,0
637.0416564482383,Germany,Male,33,3,188816.52763613427,2,1.3256045682767665,1,205389.59376332065,0
925.0790494446696,France,Male,58,8,176349.4909845619,1,0.3279382835046015,0,85104.7340856447,1
800.1837952637834,Germany,Female,38,5,130202.58581971246,3,1.288628892502265,0,69408.07552211588,1
615.6927920616386,Germany,Male,43,3,178234.42057749865,3,0.2357524047376448,1,59465.13661817779,1
664.4119009553914,Spain,Male,38,3,190734.16572522823,1,0.3822710097858083,0,81858.37430526639,0
630.7655463291355,France,Male,30,9,-38867.95818323636,1,1.4360591812185235,0,66021.0970197345,0
986.6203262676631,France,Male,41,5,-15072.039841013797,2,1.430677869818984,1,69074.10062859315,0
830.4338870187339,Spain,Male,25,8,99290.4598509794,1,1.2026315283172813,0,109914.91896741418,0
721.3026944771742,Spain,Male,67,6,233411.66847966283,1,1.5378871287981113,1,136876.4923850968,0
571.779654780435,Spain,Male,30,3,178452.3059915186,1,1.2768224555772336,1,35993.93144330723,0
694.0021056742107,Germany,Male,21,1,89376.4075551853,1,1.3678411468689908,0,52898.95804458219,0
562.1655569135621,France,Male,51,6,140699.6926315367,1,1.288906860011399,1,247520.49953492166,0
805.4944823138567,France,Male,29,8,126678.80349241331,1,1.2810016340126287,0,69792.62421287934,0
596.4932591869288,Spain,Male,41,4,156091.28317081527,1,0.05954588862962276,1,31318.19200564606,0
568.299492136602,France,Male,40,2,135084.02355196894,1,1.3833839567456532,0,119936.54846304507,1
757.7205968601006,Spain,Male,33,5,47001.278103783145,2,0.8665021621324055,1,196807.38450472426,0
714.3416385190112,France,Male,21,1,203370.83071778395,2,1.1408842506799104,0,37996.97454728483,0
846.5985891519264,Germany,Male,49,8,172020.71160701773,1,1.2413389304540852,1,96172.32974592526,0
756.4907211999266,France,Male,40,8,108092.00197229115,2,1.124792613136755,0,116269.48453634199,0
598.7838254398405,Spain,Male,31,7,130617.56969413457,2,1.1153700644748687,1,165422.55580493846,0
677.8806803423529,Spain,Male,47,6,143886.40518856284,1,1.5733685767067147,0,138490.81710696386,0
548.424813672513,France,Male,25,5,97348.29370558835,1,1.0736930104998939,0,113808.95984002487,0
744.9452115027948,France,Male,39,4,-37852.22887528235,2,0.11851118799621713,1,211776.30624955875,0
691.5756660322472,Germany,Male,46,2,202476.04634232091,1,0.8676138288203361,1,62526.63557545573,0
714.794923454062,France,Female,27,5,66393.29644907046,2,1.0546199960756795,0,78377.6096012023,0
874.4186353114063,France,Male,50,4,-625.8694259352451,1,0.8403685190628469,1,13437.982065095532,1
692.4261257609717,Spain,Male,44,3,-26094.369543968965,2,1.367712366033009,1,112538.05215146566,0
707.1142385302221,Spain,Male,31,6,166230.16691636713,1,1.856227253375123,1,189491.1269378298,0
721.5329126426567,Germany,Male,45,1,156083.41852890258,2,1.1427131809083,0,113320.91237098728,0
588.7714531564485,France,Male,35,10,209427.1939097385,1,0.8497521564746537,1,253193.32621344263,0
809.4087195816537,France,Male,44,4,158627.51795411966,1,0.42814766522414804,1,17439.048269145467,0
684.7560422712554,France,Male,27,3,19067.203528479546,2,1.0615349799549216,1,101079.36935652062,0
876.4732602087015,France,Male,32,4,115322.8624143662,1,0.5181369440674537,0,140166.54973635304,0
713.5395402175554,France,Male,33,8,221262.2733479764,1,1.1617882321993758,1,120394.07176650266,0
637.8106755492332,France,Male,28,8,21265.98373377208,2,1.082966989964539,1,217512.80936706992,0
645.0614385354825,France,Male,40,9,-457.28228606104676,1,1.1852397975703182,0,-17865.78655369536,0
662.3023155329466,France,Male,40,8,201743.7665549068,1,1.3960990258416577,0,85164.7492061638,0
817.1175212186383,Spain,Male,35,8,84524.56478599197,1,1.1740937429278917,1,225518.74186798057,0
713.1309535934383,Germany,Male,39,3,174523.4256812377,1,1.1134085165896792,1,82655.0461187851,1
946.6644688553502,Germany,Male,39,9,113738.92991729568,1,1.1805360206413105,0,64345.616825483434,1
870.7317260131495,Germany,Male,39,7,149445.0490271953,2,0.9387399036419997,1,229402.7595791195,0
490.5642667890742,France,Male,28,9,49759.54364961217,2,1.3148083812667635,0,146766.16029085038,0
680.0320569415417,France,Male,42,6,43778.5165805665,2,0.8227183085184687,0,217043.80271612565,0
755.7642874175524,France,Male,41,7,68273.06293923446,2,0.12526218078729634,0,143748.40965377988,0
697.3948375008417,France,Male,34,7,179525.594398915,1,0.39646147496392936,1,10787.039732849444,0
697.2901739496865,Germany,Female,34,6,199228.34329783468,1,1.2936300939713195,0,80685.50219959424,1
553.3285455721323,Germany,Male,43,4,175567.71299423132,1,1.3583642950202393,1,129698.78219641463,0
706.57475653609,Germany,Male,45,4,163608.17961248715,1,1.210683464745138,1,13307.799724668474,1
753.9966813060795,Spain,Male,25,2,-23781.107688595523,1,1.4889325924153691,1,141861.74848161332,0
469.87044609706953,Germany,Male,44,10,162494.40910865544,1,1.4337134804721725,0,-18372.163965518204,1
655.1021618169783,Spain,Male,41,4,153309.09011301302,1,1.325874738898642,1,243437.62282107052,0
711.8442509051962,France,Male,67,1,-8492.6409247714,2,0.43435493154003124,1,56839.911066906374,0
668.0616272342779,France,Male,39,1,81388.03471043106,3,1.3944420475443522,0,222442.3821162904,1
737.642632579726,France,Male,32,9,183425.83919648032,1,1.1263118054841905,0,222818.67592085915,0
804.1067725094301,Spain,Male,39,7,229289.83897533995,2,0.9225055041480954,0,179374.77536321705,1
719.19556902418,Spain,Male,32,5,38093.340314483794,2,1.3200657028194,0,153563.2518277599,0
594.4844148195809,Germany,Male,29,1,183018.98252226162,2,1.3483971638528445,1,219988.1708715909,0
793.0667823867691,France,Male,40,9,30713.889532498295,2,1.4710688738416633,0,57081.57772389948,0
689.6186558484567,France,Male,44,5,36502.610140170655,4,0.01434942222581459,0,223093.82060649182,1
635.7902327928921,Germany,Male,27,2,163691.20164964555,2,0.021084910833393894,1,191177.84096775332,0
554.587324177211,France,Male,33,1,240509.88960263712,1,1.3289752636179477,0,85230.91749467704,0
657.324237250902,Spain,Male,52,0,168479.3465203904,1,1.2093040817588907,0,187138.56897744566,1
693.0920191981356,France,Male,23,10,79795.40377089159,1,0.800401667110276,1,124906.82124082814,0
804.5628889951054,Germany,Male,43,10,139617.26343300773,1,0.3098681335392392,0,145571.01304372435,0
680.2015031779681,Germany,Male,38,9,151877.30777029024,1,0.8079142393187615,0,85892.67301915886,0
565.8629065584125,Germany,Male,43,3,229064.9516249505,1,1.0123359387585829,1,202224.9138150078,0
512.7751474902386,France,Male,30,6,57485.77252467144,2,1.5299300352473355,0,148805.31575768045,0
732.8870068594231,Spain,Male,54,5,30695.445733327193,2,0.6365608261187827,1,87340.68392934925,0
909.431562499957,Germany,Male,34,2,134051.00018511913,2,0.9514037963371421,0,175484.90105558932,0
788.5839111184805,France,Male,42,3,124268.00002345047,2,0.1511155253927303,0,100155.49337762443,0
667.3289434184213,Germany,Male,40,7,163212.28483967,1,0.23494551463525654,1,220775.86674064514,0
857.8353657594417,France,Male,55,10,-2501.508698932008,4,1.6267242241118915,1,61707.86098558862,1
747.2064369957627,France,Male,32,4,109536.91117296643,1,0.11427737594723032,1,39902.858879520376,0
658.2289854852511,France,Male,58,5,7705.435096450277,2,0.11787943354557061,1,121834.57928681314,0
839.3711610817618,France,Male,39,3,130220.9193883785,1,0.5743321525693583,0,109878.12587963807,0
535.5401873711397,France,Male,40,4,45862.70836431072,2,0.14088558516500138,0,188765.65166515828,0
692.6826989665647,Germany,Male,30,1,126662.33682973633,2,1.388082511035778,1,74528.48709338579,0
483.16942393462426,France,Male,34,2,137713.81301622218,1,0.8924801670676463,1,112335.14056130406,0
654.517290462491,Germany,Male,33,8,123384.27296782017,1,1.1867551727897778,1,223423.01024848432,0
715.442163315768,Spain,Male,34,9,161193.74207882435,2,0.8513658441074299,1,235562.15646283067,0
731.8196266094046,France,Male,28,8,157552.54469951184,2,0.9875085010092066,0,65975.30100693993,0
654.4036175570553,Germany,Male,59,3,157207.34589338567,1,0.41444731850617256,0,143616.14980424836,1
810.0339589916997,Spain,Male,23,2,31529.040254238418,1,1.2140951896801337,1,17195.61208361636,0
794.884726679151,France,Male,26,1,156212.74963763315,2,1.1534333362812814,1,41416.083371383706,0
725.4212269652085,France,Male,29,8,-2540.1002504101816,2,0.05661698993591463,1,187647.06490379217,0
763.5115264846412,Spain,Male,41,3,40806.201987132394,2,1.1756180745160887,0,155784.42795931917,0
654.5933769094181,Germany,Male,30,6,99667.846233454,1,1.293194033196715,0,188783.67059639152,0
727.0573083449391,Spain,Male,27,4,69416.14969710198,1,0.44683215477648075,1,112149.92414609127,0
675.9558158421506,Spain,Male,37,10,209112.9991113178,1,0.6337879571933237,0,112595.649117994,0
865.037542121065,Spain,Male,67,5,26335.21013877948,2,0.03791109113750804,1,134014.1728154814,0
803.7143035448889,France,Male,36,7,137440.87595326922,1,0.261191809216585,0,104281.90774035535,0
780.5959232196872,France,Male,43,6,20663.82000833011,2,1.2030630111000105,0,102843.19050685893,0
767.6459431827826,France,Male,61,8,36940.65210159167,2,1.316238088309976,1,107605.7051583342,0
625.4648084688203,Spain,Male,65,1,24215.256200930107,1,1.2856286894374358,1,188271.5247506796,1
599.4823981704802,Spain,Male,21,1,12810.111152271751,2,0.15664171265576138,0,47177.536004257054,0
649.5383853806031,Spain,Male,44,3,177455.04167526416,1,1.1066193343287558,0,79046.2031546448,0
709.4079768123559,Germany,Male,32,3,123640.79928479689,1,1.170019385599102,1,195889.71754394207,0
561.6947994096867,Germany,Male,31,2,145524.55709732353,1,1.4841995698567556,1,195664.18516190178,1
797.1405156309931,Spain,Male,41,10,135832.31969033933,1,1.0603895779420833,1,89317.70268294042,0
634.7929277182801,France,Male,36,3,18148.38803490916,1,0.2111879916937341,1,130652.28329688146,0
925.3327436621954,France,Male,23,9,37756.20244309172,1,1.2666554187190675,0,71465.64954594606,1
869.3622570222635,France,Male,49,7,146646.68099591683,1,0.5769518244147911,0,98013.258748641,0
654.5493383988844,France,Male,33,9,123406.94495208874,1,1.1576691781693833,1,246227.3068855311,0
417.2259078712071,France,Male,48,5,15743.345429857696,1,1.4413992865879421,0,144831.4873942035,1
656.6952026955751,Germany,Male,33,3,203816.5645017709,1,1.5029562837439372,0,230840.69589575793,0
840.8449821187347,France,Male,45,10,-4918.8050045371965,2,1.2109744717458317,0,50020.37635377328,0
783.8676848268948,France,Male,47,3,-33888.33911994504,2,1.1778573084198107,0,173397.45355067038,0
527.625587934261,France,Male,41,5,117992.31846547214,1,1.151191660283525,1,44087.50613985466,0
799.2341928264266,France,Male,54,5,31231.529945052007,2,1.1676934967688495,1,30149.043603790073,0
880.9623177629328,Spain,Male,37,9,31286.379017959516,2,1.4178361090973133,0,150520.16382530844,0
711.6006657060434,Spain,Male,35,6,107063.99260544898,1,1.2773969161661773,0,157580.65678785916,1
589.7906993319482,Germany,Male,62,9,204923.79085177317,2,0.27836131487698795,1,101815.77364846016,0
561.1559946799443,Spain,Male,30,5,-50767.34401835481,2,-0.028217980562849188,1,250628.66514703285,0
679.6685843174814,France,Male,48,6,163046.46861085933,1,1.0073258157509142,0,33096.62708633439,1
692.424005563923,France,Male,36,0,225894.48864842363,1,0.7083471876235685,0,113337.1704427943,0
525.5160347785442,France,Male,63,1,110837.80677071672,1,0.1852695043662852,1,81713.05791726572,1
592.1200465462607,France,Male,32,7,144361.74302045233,1,0.050753084877602855,0,86911.52829536535,0
616.7876283579503,France,Male,34,8,7499.260416645629,2,0.5478261134260984,1,188953.29763832426,0
678.8520636355126,Germany,Male,36,3,94492.9065922391,1,1.2888439127950766,0,88995.39102905145,0
756.0041593651905,Germany,Male,51,2,112692.80698173303,2,0.355622874923167,1,136470.2426850947,0
850.6485480223937,Germany,Male,25,2,224024.9123055252,2,1.194233261805392,1,71498.85049505086,0
914.8363015600871,France,Male,32,3,192155.21008699277,2,1.1535308300233198,1,81700.57922779929,0
772.6417092075264,Germany,Male,47,5,124705.59175620924,1,1.1871261676734624,0,79357.32123690094,1
600.288884670389,Germany,Male,50,2,231992.25329624402,2,0.9137534300277348,0,205381.9332569542,1
738.2540928021152,France,Male,24,6,31427.776846317,2,1.2055272732319227,1,153662.65881003672,0
603.8234819469237,France,Male,42,8,139797.536300187,1,1.2920492810484843,0,92738.46126241314,0
533.7524681388131,France,Male,34,3,110590.66181904537,1,1.6423259968015707,0,182950.00530513457,0
639.4965365839423,Spain,Male,34,5,34325.454225034904,2,1.2447200243359762,0,169048.9432199794,0
556.4959229862775,Spain,Male,57,2,41439.55368754338,3,0.6993553228918862,0,65338.71284672074,1
869.2688182545265,France,Male,28,8,126820.26274967572,1,1.2041621526963575,1,49303.71592370179,0
724.4703123927048,Germany,Male,45,6,209063.96683133062,1,0.8426632876100616,0,173486.15615956395,0
614.7665113170517,Germany,Male,34,9,83193.77485643976,1,1.4205686774170379,0,66890.60765946674,0
884.653851725953,Germany,Male,31,1,200824.52115847036,3,1.0426144586718793,1,251622.48561655811,0
521.7545165693018,Germany,Male,29,3,164908.7289738385,2,1.3585413997853728,1,82547.61168877434,0
711.5508888997616,Germany,Male,37,5,127631.23166876663,1,1.0581349312110455,0,146500.07683326665,0
698.7493827428842,France,Male,40,2,57922.421917041094,2,-0.07972731062465738,0,105131.0033538393,0
878.1556649072213,France,Male,38,2,199481.81689846737,2,1.146839044734039,0,104149.56057932138,0
743.9484049541426,Spain,Male,66,5,154456.8176927135,2,1.245965567910146,1,137141.57249857142,0
713.3992109831288,France,Male,43,3,111536.553310916,1,0.8034676799843921,0,274145.0989033269,1
724.857735021958,Germany,Male,38,2,134132.6162744764,3,-0.03361169119457447,0,37397.222157282755,1
663.5258397745232,Spain,Male,43,9,43245.00530239452,1,1.2276699415098489,0,158564.82388653065,1
661.1273030664601,Spain,Male,57,6,-28435.164691251583,2,1.1333627987736536,1,91574.1212302948,0
653.4457460914153,France,Male,43,4,143176.86137321795,2,1.3143080498115585,1,170536.30953446095,0
629.3846197206865,Germany,Male,38,10,132816.7964166622,2,0.9516264424381782,1,32956.81051221799,0
538.0452467902371,Spain,Male,37,8,-13422.937697614845,1,1.3862599626258247,1,48211.34178016119,0
567.7623640189275,Spain,Male,43,6,28575.428243770235,1,0.9585915567023882,1,87538.93787220673,0
727.6076408995917,France,Male,29,10,163103.04217541128,1,1.5955161689578339,0,302508.31813076587,0
717.2900508143524,Germany,Male,30,1,149063.63508308347,2,0.8387103723971466,1,20819.052442918797,0
781.089784122214,Spain,Male,31,10,152565.4250290514,2,-0.020856264089434057,0,69141.89347521987,0
632.9703251698892,France,Male,36,2,-10384.36562635047,2,1.3193916353964683,1,55908.67234303315,0
715.4552553016088,Spain,Male,34,9,17998.12948162017,2,0.6003607619497238,0,99486.32541895485,0
583.4102203993124,France,Male,38,4,150252.3306102824,2,1.2963330026436624,1,203536.08624306766,0
715.7513055820116,France,Female,20,7,28934.263355866155,2,0.3521758356752094,0,233282.5733028486,0
802.4953786096664,France,Male,40,7,38811.09917796537,1,1.2292926977234448,1,116869.83618946729,0
646.4814351743504,France,Male,38,7,140835.05398799025,1,0.9940513481625592,0,62157.81740822253,1
672.9393904659659,Germany,Female,44,6,198827.4604015918,1,1.1148926917595834,0,62716.35006055874,1
819.9152363305043,France,Male,22,7,182386.54049630108,1,0.9522480695408344,0,126123.59001068631,1
545.9865036759793,Germany,Male,45,3,116665.1373179765,2,0.9371952404980132,1,128831.76253454828,0
594.2802870071707,France,Male,33,3,-29091.42737898899,2,1.315871385807509,0,155030.12484818615,0
682.8532753775061,Germany,Male,32,7,214690.0913070047,2,0.9722429606566212,0,104428.2239035602,0
873.2904158059198,Germany,Male,43,6,120709.85051323244,1,0.29734950889338474,1,74355.89343226992,1
719.3613859317495,France,Male,31,10,27209.49463579889,2,0.9319869844746657,0,200107.39064474223,0
697.7364209163649,Germany,Male,21,8,182843.6040764554,1,1.2921281375414395,1,203835.41698234688,0
866.620782028307,France,Male,33,0,120229.46063065292,1,0.1152207383955636,1,192893.2635236238,1
944.2107599015206,France,Male,34,2,59107.4620498912,2,0.5423089493723418,0,220820.36981199036,0
742.3890399376718,Spain,Male,35,1,-3371.8224681353204,3,0.29828802876413574,0,225644.10886450042,1
690.482339171195,France,Male,66,0,-5219.010827021801,2,0.5038133656043782,1,104391.10734297612,0
557.8904508323262,France,Male,28,6,-2832.2016242221034,2,0.05506279280518109,0,188484.12123065547,0
695.2080377378566,France,Male,31,6,39116.16987209548,2,1.2379923079635344,1,40223.941946971885,0
508.0291786449978,France,Male,45,5,136505.1539978115,1,1.0042618371186394,0,237041.44997591345,1
741.0716881760882,Spain,Male,30,2,17257.766696621547,3,1.132138731873941,1,205720.2022188342,1
550.769025756461,Spain,Male,44,8,69983.26533018543,1,0.1662781105308605,1,145006.98973629752,0
859.11415469801,Germany,Male,42,2,53119.12531760454,2,0.06177535972798365,1,63653.96762624347,0
624.6269838327082,France,Male,33,4,134374.33796933017,1,0.9514383883369755,1,178226.79593408894,0
616.13430835436,France,Male,47,3,107000.76725119498,2,-0.09318237258992385,1,178991.93737698952,1
632.6001532345422,Spain,Male,39,1,159743.43016723654,1,0.6980999320856526,0,118757.87262615352,0
656.9667627249804,France,Male,41,3,177273.87213873366,1,0.9873028362876665,1,111233.5721642068,0
642.2882884822301,France,Female,33,9,110855.88009102421,1,1.366740965838929,0,78582.73024304162,0
607.5565602017765,Germany,Male,33,9,212379.7801994488,2,0.8651337924322862,1,59502.86249409805,0
572.2450093513105,Spain,Male,27,8,100553.77869398118,2,0.9170468605391433,0,166744.50647244946,0
808.9150019810052,Spain,Male,39,7,147815.96811668223,2,0.628903641153761,1,205541.3276129242,0
755.7087270504912,France,Male,34,5,119078.44039587842,2,1.0819123131813484,0,100858.61308751382,0
639.4600541052347,Spain,Male,34,8,101195.75174329095,1,1.2976857180905679,0,117879.34299972952,0
517.8195632863697,Germany,Male,55,7,173953.1606483217,1,1.370081250536861,1,22733.380211996482,0
871.8140646867514,Spain,Male,30,4,33460.39253444719,2,0.37463516134548164,1,45659.89043359107,0
580.9222714694081,Germany,Male,41,3,83619.25922578562,1,0.8823012327134765,0,62714.160270055574,0
704.6631239273961,France,Male,31,7,182708.09804127627,1,1.173273716259605,0,147608.52379072408,0
797.6779773549401,France,Male,46,5,11465.285633031905,2,0.8606881006467733,0,197069.13480829538,0
710.4788749014435,Spain,Male,40,9,92874.23007760233,2,0.7765964239554783,0,151764.71418037685,0
765.2536217315995,Spain,Male,34,1,23506.682612872708,2,0.8659502629626401,0,181515.8795056573,0
888.6265605721468,Germany,Male,20,4,115958.49766372368,1,-0.01078035875289135,0,209810.74336646672,1
751.7801719139198,Germany,Female,37,9,133661.85474691165,1,0.9908509661701903,1,28770.72199780994,1
715.0942169925117,Spain,Male,36,8,144629.48315657396,2,0.8880820731187673,1,174862.19854474766,0
539.2626771320087,France,Male,22,5,7533.737963069147,1,1.530135667147675,0,166121.24517448831,0
663.5699605831844,France,Male,33,1,42397.304086709715,2,0.7712175457883486,0,93824.57237092417,0
763.5348458751379,Germany,Male,37,7,170276.58832877217,1,1.11813517378982,1,127161.22788750137,1
473.3907526796775,France,Male,39,5,11466.491819431536,2,0.9277955545079613,1,-18250.86971069744,0
722.3762532635452,France,Male,28,9,132216.4869448748,1,-0.2787299251943348,1,229614.29274877664,0
572.2923781071786,Germany,Male,28,1,189987.26778515303,1,0.17033323394043173,0,199743.66677179793,0
716.9461077681797,Spain,Male,26,6,153869.5354921794,1,0.15405084191305704,0,225024.7414506262,0
819.6660290249469,France,Male,66,4,132874.5886063138,1,1.078577250379847,1,223662.82871186512,0
562.9104438297956,France,Male,37,7,193580.01716611334,1,1.275225818794776,0,146947.68623156432,0
526.2101767197466,Spain,Male,33,6,-26730.557381486844,1,1.3143895943050987,1,87240.61003822554,0
524.6186713319937,France,Male,46,8,20700.239194750582,1,0.29814479359568385,0,134582.79849153713,1
769.7388374573059,Spain,Male,36,3,58134.3175706128,2,0.1541050479392787,1,90021.22655700427,0
599.9283040939148,France,Male,34,7,33966.37658916319,2,-0.022899556185492997,1,92379.96755659542,0
640.5103705380616,France,Male,46,6,13005.70127434424,2,1.3753803565502851,1,93778.5795279487,0
860.1651166143677,Germany,Male,40,9,134308.78388034232,1,1.228160778246119,1,88979.53759299911,0
697.0073223821987,Germany,Male,32,5,175816.95693184354,2,1.4255242148208846,1,159299.29815910332,0
546.4854612629179,Germany,Male,39,9,121946.31533549496,2,1.4033772644435716,0,146988.6377938211,0
746.194923565193,France,Male,47,5,182820.50838937255,4,-0.09504025107121622,1,167032.29005419492,1
714.2285286495492,Germany,Male,37,7,170660.73593651323,1,0.90215196992298,1,122858.7724847249,0
740.9747552265687,Germany,Male,28,2,203535.90273601888,2,1.0550866784205617,0,61742.89856781464,0
803.3859605255087,France,Male,29,9,30530.69323134777,2,0.987321101343582,1,49236.82724555851,0
812.876475975472,Spain,Male,41,7,43953.88130009712,2,1.3955300434172786,1,253387.98819826264,0
674.3947873849207,Germany,Male,37,6,233577.36620117765,1,1.304505360501038,0,178873.81673694946,0
746.200084909233,Spain,Female,28,8,178184.09359923616,1,1.4730320445003013,1,237922.30630829302,0
702.6361490876752,Germany,Female,28,3,145814.76914029603,2,1.3146856189420646,1,190999.60721261776,0
829.7232909316109,Spain,Male,46,7,117039.44534268629,1,1.2723582041834427,1,-10796.759004083702,0
593.1844061857726,France,Male,29,4,-4578.450973045361,2,0.495689124166798,1,26407.28298363914,0
526.4310849517116,France,Male,52,1,27681.206393531476,3,1.3311897053479353,1,174338.37685856537,1
708.0844057154225,Germany,Male,25,6,205464.7856461071,1,0.24068684972993304,1,32015.69440676072,0
612.2724589849067,France,Male,31,1,186372.349889751,1,1.558947559337768,0,116381.9871102273,0
726.1641647873563,Spain,Male,60,4,36770.051419074436,1,1.2512958819746824,1,128357.52021203675,0
625.1728895614278,France,Male,39,2,179773.07954632223,2,1.1567605254735822,0,154224.1562983693,0
839.3470851566813,Spain,Male,31,4,136534.63480774837,1,1.0365450554586548,1,191890.14292216557,0
619.8289479702058,Spain,Male,31,2,157601.38088266578,2,1.383761317308665,0,80784.2932154263,0
653.994308248392,France,Male,52,2,118598.5585957444,1,1.5040990187573213,1,109802.25560552618,0
689.4740011556546,Spain,Male,71,8,19553.33093206241,1,1.2139415048437243,1,234073.0350497886,1
554.584155443998,Germany,Male,41,6,183890.6519406423,1,1.5200678212499836,1,267552.8992921083,1
639.2485876206022,Spain,Male,46,8,-58589.868129996656,2,0.7814159239361714,1,102035.23123172036,0
666.0194410330167,France,Male,33,0,114751.3724332314,1,0.21284500194515463,0,231160.84780714696,0
677.2668851341593,France,Male,37,3,-80374.29307986292,2,1.2163058920026801,1,83580.04018256627,0
692.3773348522859,France,Male,31,3,145993.7413078482,1,1.0615193382583727,0,138236.4259824082,0
668.2094168953955,France,Male,41,6,44058.41638631629,3,0.7625223467024886,0,107064.72305126011,1
646.7106598899213,Germany,Male,57,5,207288.89574773726,1,0.210425007734627,0,29701.36249180756,1
731.1739787338988,France,Male,34,4,119385.04539386099,1,0.1334624905830069,0,53768.71332509211,0
702.8040021241584,Germany,Male,36,6,153510.44556835052,2,1.2311912426609972,0,20465.07736665151,0
765.853503327578,France,Male,42,2,205557.80123419777,1,0.7740250333499932,0,28089.82227771544,0
849.1840461346154,France,Male,43,8,137570.29434945987,1,1.0541115817196018,0,237765.72305645747,0
779.5258352838125,France,Male,32,7,167839.9848132528,1,1.446905111823857,0,139834.43360412074,0
861.3556914429921,France,Male,34,8,159723.17452815414,2,0.083613793691795,0,72515.4691066641,0
729.3482042602441,Spain,Male,23,6,42731.22047674977,2,1.0385614276047341,1,219857.8203817032,0
658.4210730556181,Germany,Male,25,7,244830.5918018273,1,1.5204306229947357,1,27467.720045359696,0
765.8037180360279,Spain,Male,42,9,256592.1522394019,1,0.5273550709277603,0,129343.7190724929,1
796.0788861442627,France,Male,35,9,-71.13535670207057,2,1.3418400229128518,1,80945.15229778568,0
636.7037554434587,Germany,Male,42,1,125513.7989177671,1,1.1227843591869653,0,47671.092918128204,1
685.4148817106346,France,Male,39,7,111522.89029455234,2,1.171378287008059,0,139399.21695611614,0
565.4142127090965,France,Male,30,0,79894.27444063775,1,0.04413302710288036,1,10384.693976942384,0
570.883044224288,France,Male,30,5,22584.081540926876,2,1.0011778301471237,0,232486.35799550664,0
515.5987520427393,Germany,Male,32,5,154426.22970515618,2,0.9899911478287452,1,82190.09180684791,0
581.6207323499174,France,Male,24,5,58400.598612924725,2,1.0860679699260092,0,115518.94204353038,0
810.9715873327068,France,Male,28,2,142396.26298562426,1,0.9921759401465975,0,129522.28319373736,0
686.7175835616165,France,Male,45,1,21765.78519304739,1,0.8729741721025044,0,126617.10106315647,1
683.405400732915,Spain,Male,36,8,27125.678740206284,2,1.2747813148587719,0,119136.27356005236,0
706.6339002799011,France,Male,41,5,37119.42739585474,1,0.27820489937519377,0,64686.76160729442,1
758.0401416845655,Germany,Male,48,6,175133.49646114785,1,1.6085991147384935,0,76421.77708325082,1
555.0915387763644,Germany,Male,34,1,101745.39331266444,1,0.07473693595413633,1,228141.27678613822,0
671.7242139000481,France,Male,50,4,-1262.1055678994053,2,0.29206449439526594,1,220340.1787318436,0
397.25262342874385,France,Male,43,8,63873.01197430957,1,0.2958078553637877,1,111152.55484272777,0
543.8961058440459,Spain,Male,33,8,163564.16844090237,1,1.1681409276342922,0,66766.9435586922,0
678.3609757813242,France,Male,45,1,141047.16514772762,2,0.39306972910407734,0,101210.73478847014,1
556.5812943563516,France,Male,24,7,177445.06020628853,2,1.4000317714877182,1,194363.53056700446,0
661.7157455350588,France,Male,25,3,44410.49090024502,2,0.29912003240907636,0,213475.01442704484,0
802.5448656924133,Spain,Male,52,4,-16106.198860914377,1,1.1677348308716666,1,126651.20510084924,1
817.1917885502132,Germany,Male,43,4,147494.9721080836,2,1.144774753990153,1,110889.4452987451,0
857.9590500142417,France,Male,34,3,157728.97650736803,1,0.9171299994969755,0,45776.6708437578,0
622.0035866936879,France,Male,43,4,181206.36530528893,2,1.0437346655907394,1,67798.61487640931,0
655.1916561794353,France,Male,31,7,49527.534690937115,1,1.0851771708930067,0,51460.968625525195,0
704.0130821053615,Spain,Male,49,5,-12268.798377549992,1,0.9720640894671864,0,185089.81897439872,1
726.880419253507,Germany,Male,27,1,162946.87762653272,2,1.324473785958617,0,142686.39974376472,0
798.0545083983278,France,Male,27,8,87366.12417666378,1,1.4949901366195033,1,114933.86234110474,0
694.1619972753742,Spain,Male,28,5,15696.335167491674,2,1.020717295735142,1,163162.44868624466,0
778.0033542179331,France,Male,37,8,56767.80573719277,1,1.2892118690615257,1,64035.90059515704,0
720.2293720861221,Spain,Male,54,7,193482.2868633727,1,0.9923133645646385,0,248863.7530199269,1
681.5685765561291,Spain,Male,46,3,84803.81744255727,2,1.1566294748535062,1,90142.25284680714,0
739.8532932399437,Spain,Male,55,1,151620.08711087122,1,0.06978141635820168,1,279956.5951777026,0
802.847611158803,France,Male,39,3,27017.874677010237,1,1.3609726331659227,0,203126.6645728734,0
495.0634585122074,France,Male,31,5,41052.48464400631,1,1.0723821672111367,0,102435.07535410376,0
612.9421736370616,Spain,Male,45,9,53619.7144059198,2,1.4533094007734215,0,20654.453783025874,0
672.4619855131593,Spain,Male,41,7,141537.13875313624,1,0.16996997195814476,1,142860.82944922478,0
564.9296800771466,Spain,Male,35,10,93725.17286602582,1,1.0789586211243902,0,129594.44897570153,0
714.231495856797,Spain,Male,31,0,180523.01954234042,1,0.9429199600966126,1,92088.6673350521,0
737.6161526664699,France,Male,29,3,115924.762845034,2,0.2823982525767278,0,231486.57107549015,0
662.6170839588792,Germany,Male,52,7,138228.74669886494,1,1.4270702512184514,1,239802.24947087097,1
754.0265126154167,France,Male,35,9,17769.62902633795,2,0.2869313786064107,1,159244.34123458772,0
840.5124553453626,Germany,Male,53,1,131157.12295505416,1,1.7298412952328475,0,167056.16349490857,1
